Mã quy tắc,"Điều khoản
(GDPR)",Tên điều (EN),Nghĩa vụ tuân thủ trọng yếu — áp dụng cho dữ liệu vận hành xe,Đối tượng áp dụng,"Mức độ
nghiêm trọng","Mức độ
tự động",Control ID,Ghi chú
GDPR-005,Điều 5,Principles relating to processing (nguyên tắc xử lý dữ liệu),Điều 5(1)(c) (Data minimisation): Dữ liệu vị trí/hành vi lái của tài xế chỉ được thu thập và truy cập ở mức tối thiểu cần thiết cho mục đích xử lý đã công bố trước; không thu thập dư thừa trường dữ liệu; dữ liệu phải chính xác và chỉ lưu trữ trong thời hạn cần thiết (storage limitation).,Hệ thống telematics/GPS thu thập dữ liệu tài xế,Critical,Bán tự động,CTL-GDPR-005,Cần định nghĩa rõ retention period và danh mục dữ liệu tối thiểu cho từng tính năng trước khi tự động hoá kiểm tra
GDPR-006,Điều 6,Lawfulness of processing (căn cứ pháp lý xử lý),"Trước khi thu thập bất kỳ dữ liệu vận hành nào gắn với tài xế, phải xác định rõ 1 trong 6 căn cứ pháp lý hợp lệ. Với quan hệ lao động, ưu tiên dùng ""thực hiện hợp đồng lao động"" hoặc ""lợi ích hợp pháp"" — hạn chế dùng ""sự đồng ý"" vì quan hệ lao động có yếu tố bất cân xứng quyền lực, dễ bị coi là consent không tự nguyện.",Toàn bộ luồng thu thập dữ liệu tài xế,Critical,Tự động,CTL-GDPR-006,Rule: field legal_basis không được rỗng và không mặc định = 'consent' cho dữ liệu lao động
GDPR-009,Điều 9,Special categories of personal data (dữ liệu nhạy cảm),"Nếu dữ liệu vận hành xe có thể suy ra tình trạng sức khoẻ tài xế (dấu hiệu mệt mỏi, hành vi bất thường liên quan bệnh lý), phải xử lý như dữ liệu nhạy cảm — mặc định bị cấm xử lý trừ khi rơi vào một ngoại lệ hợp lệ tại khoản 2 (ví dụ nghĩa vụ luật lao động, y tế nghề nghiệp).",Dữ liệu cảnh báo mệt mỏi/hành vi bất thường từ hệ thống giám sát,Critical,Tự động (classifier),CTL-GDPR-009,Cần bộ auto-classifier phát hiện field có khả năng suy ra sức khoẻ để gắn nhãn special-category
GDPR-022,Điều 22,Automated individual decision-making (quyết định tự động hoá),"Nếu hệ thống tự động ra quyết định ảnh hưởng đáng kể đến tài xế (tự động trừ lương, cảnh báo kỷ luật, chấm dứt hợp đồng) chỉ dựa trên thuật toán, tài xế có quyền yêu cầu con người can thiệp, trình bày ý kiến và phản đối quyết định.",Hệ thống chấm điểm/cảnh báo hành vi lái tự động,Critical,Bán tự động,CTL-GDPR-022,"Bắt buộc có workflow con người review trước khi quyết định có hiệu lực, không thể thuần tự động hoá"
GDPR-032,Điều 32,Security of processing (bảo mật xử lý dữ liệu),"Luồng dữ liệu từ thiết bị telematics lên server phải được mã hoá; bảo đảm an ninh thông qua kiểm soát truy cập phù hợp (access control), xác định rõ ai có quyền truy cập loại dữ liệu nào; đảm bảo tính toàn vẹn/khả dụng liên tục và khôi phục khi sự cố.",Toàn bộ hạ tầng truyền/lưu trữ dữ liệu vận hành xe và hệ thống phân quyền,Critical,Tự động,CTL-GDPR-032,"Rule: kiểm tra encryption_status, cơ chế access control (xác định quyền truy cập dữ liệu) và access_log cho mỗi luồng"
GDPR-088,Điều 88,Processing in the context of employment (xử lý dữ liệu trong quan hệ lao động),"GDPR cho phép (không bắt buộc) từng quốc gia thành viên ban hành quy định chi tiết hơn để bảo vệ nhân viên khi bị giám sát tại nơi làm việc, đặc biệt với hệ thống giám sát (monitoring systems at the work place).",Giám sát tài xế qua telematics tại từng quốc gia chi nhánh,Cao (cần xác nhận thêm),Thủ công,CTL-GDPR-088,ĐÂY LÀ ĐIỂM NỐI sang luật lao động quốc gia — phải rà riêng luật nội địa từng nước chi nhánh trước khi go-live
GDPR-025,Điều 25,Data protection by design and by default (bảo vệ dữ liệu ngay từ thiết kế và mặc định),Kiểm soát truy cập và cơ chế bảo vệ dữ liệu phải được thiết kế ngay từ đầu trong hệ thống; chỉ thu thập và cho phép truy cập dữ liệu ở mức tối thiểu cần thiết theo mặc định.,"Kiến trúc hệ thống, API và cơ chế phân quyền truy cập dữ liệu xe",Critical,Bán tự động,CTL-GDPR-025,"Thiết lập phân quyền mặc định (RBAC/ABAC), rà soát kiến trúc bảo mật trước khi triển khai tính năng mới"
GDPR-030,Điều 30,Records of processing activities (lưu vết hoạt động xử lý),"Bắt buộc lưu vết đầy đủ (audit log / ROPA) về loại dữ liệu, mục đích xử lý và phạm vi truy cập của từng tài khoản/hệ thống đối với dữ liệu cá nhân của tài xế.","Hệ thống ghi log, dịch vụ quản trị dữ liệu vận hành xe",Cao,Tự động,CTL-GDPR-030,"Tự động lưu trữ và bảo vệ audit log truy cập dữ liệu, định kỳ kiểm tra tính toàn vẹn của hồ sơ xử lý"