,,,,,,,,,
,BẢNG QUY TẮC KIỂM SOÁT CHUNG CNTT (ITGC) & TIÊU CHÍ PASS/FAIL,,,,,,,,
,"Hệ thống chuẩn hóa 12 quy tắc kiểm soát CNTT trọng yếu theo 4 trụ cột kiểm toán (Access, Change, Operations, Systems) kèm tiêu chí đánh giá Đạt / Không đạt",,,,,,,,
,,,,,,,,,
,TỔNG SỐ QUY TẮC,,MỨC ĐỘ CRITICAL,,TỶ LỆ TỰ ĐỘNG HÓA,,TRẠNG THÁI ĐẠT (PASS),,CẦN KHẮC PHỤC (FAIL)
,12,,5,,"41,7%",,0,,0
,100% phạm vi ITGC,,Rủi ro trọng yếu,,Kiểm soát tự động,,Tuân thủ hiệu quả,,Rủi ro phát hiện
,,,,,,,,,
,Mã quy tắc (Rule ID),Lĩnh vực ITGC,Mục tiêu kiểm soát,Mức độ rủi ro,Loại hình kiểm soát,Bằng chứng kiểm toán,Tần suất kiểm tra,Tiêu chí Đạt (Pass Criteria),Tiêu chí Không đạt (Fail Criteria)
,ITGC-AC-01,Access Controls,Đảm bảo chỉ cấp quyền cho nhân sự được phê duyệt; thu hồi ngay quyền truy cập khi nhân sự thôi việc hoặc thay đổi vị trí.,Critical,Semi-automated,"Log phân quyền (ai yêu cầu (role), tầng dữ liệu đc phân quyền (bảng, cột, dòng), truy cập bao lâu)
Log thu hồi quyền",Sự kiện (Event-driven),100% tài khoản nhân sự nghỉ việc bị vô hiệu hóa trong vòng 24 giờ làm việc; có ticket phê duyệt chính thức trước khi tạo mới.,"Phát hiện tài khoản hoạt động của nhân viên đã nghỉ việc quá 24h, hoặc tài khoản tạo mới không có ticket phê duyệt hợp lệ."
,ITGC-AC-02,Access Controls,Rà soát định kỳ quyền truy cập trên các hệ thống core/database nhằm ngăn ngừa tích lũy quyền dư thừa (privilege creep).,High,Manual,"Biên bản UAR tổng hợp phạm vi, kết quả, danh sách thu hồi, tồn đọng",Hàng quý (Quarterly),Hoàn thành rà soát quyền 100% ứng dụng trọng yếu mỗi quý; biên bản có phê duyệt đầy đủ và mọi quyền thừa được thu hồi trong 5 ngày.,"Không thực hiện rà soát theo quý; biên bản thiếu chữ ký phê duyệt; hoặc tài khoản được đánh dấu ""cần xóa"" vẫn còn hoạt động."
,ITGC-AC-03,Access Controls,"Kiểm soát nghiêm ngặt tài khoản quản trị (Admin/Root), áp dụng xác thực đa yếu tố (MFA) và hạn chế dùng chung tài khoản.",Critical,Automated,"Cấu hình bắt buộc MFA trên hệ thống quản lý tập trung, nhật ký truy cập vault mật khẩu PAM, danh sách tài khoản đặc quyền.",Liên tục (Continuous),100% tài khoản admin kích hoạt MFA; không tồn tại tài khoản dùng chung; truy cập root được ghi log đầy đủ.,Tồn tại tài khoản admin không bật MFA; sử dụng mật khẩu dùng chung không định danh; hoặc log truy cập admin bị vô hiệu hóa.
,ITGC-AC-04,Access Controls,Ngăn chặn xung đột lợi ích giữa việc phát triển phần mềm và vận hành hệ thống thực tế (Phân tách Dev vs Prod).,High,Automated,Danh sách phân quyền người dùng trên môi trường Production đối chiếu với danh sách lập trình viên (Developers).,Hàng quý (Quarterly),Lập trình viên không có quyền ghi/sửa (Write/Execute) trực tiếp trên cơ sở dữ liệu và mã nguồn môi trường Production.,Nhân sự phát triển (Dev) sở hữu tài khoản quản trị hoặc có quyền chỉnh sửa dữ liệu/chạy lệnh trực tiếp trên Production.
,ITGC-CM-01,Change Management,Đảm bảo mọi thay đổi phần mềm/hạ tầng đều được kiểm thử thành công và phê duyệt bởi Hội đồng CAB trước khi lên Production.,Critical,Semi-automated,Ticket Jira/ServiceNow có biên bản kiểm thử UAT thành công và chữ ký phê duyệt của Trưởng ban CAB.,Theo đợt Release,100% các bản release lên Production có ticket kiểm thử UAT Đạt và biên bản phê duyệt của CAB trước giờ triển khai.,"Bản phát hành lên Production không có ticket Change Request, thiếu kết quả test UAT hoặc triển khai trước khi được phê duyệt."
,ITGC-CM-02,Change Management,Quy định chặt chẽ quy trình xử lý sự cố nóng (hotfix) và thực hiện phê duyệt bổ sung (retroactive approval) kịp thời.,High,Semi-automated,"Ticket sự cố khẩn cấp (P1 Incident Ticket), log triển khai hotfix, biên bản phê duyệt bổ sung của IT Director trong 24h.",Theo sự cố phát sinh,Thay đổi khẩn cấp có đính kèm mã sự cố chính thức và được phê duyệt hồi tố bằng văn bản trong vòng 24h sau khi khắc phục.,"Hotfix được đẩy lên Production mà không tạo ticket khẩn cấp, hoặc không có phê duyệt hồi tố sau 24h."
,ITGC-CM-03,Change Management,"Phân tách độc lập môi trường Dev/Test/Prod; triển khai mã nguồn tự động qua CI/CD pipeline, cấm can thiệp thủ công.",High,Automated,"Cấu hình phân vùng mạng VLAN/Subnet, cấu hình phân quyền CI/CD pipeline, nhật ký commit và merge request có duyệt chéo.",Liên tục (Continuous),Môi trường Production tách biệt hoàn toàn về mạng; triển khai tự động qua pipeline khóa nhánh main; có kiểm duyệt chéo (Peer Review).,Cho phép tải trực tiếp tệp mã nguồn lên máy chủ Production qua SSH/FTP mà không qua pipeline kiểm duyệt.
,ITGC-OP-01,IT Operations & Backup,"Đảm bảo dữ liệu cơ sở dữ liệu và cấu hình hệ thống được sao lưu tự động hàng ngày, lưu trữ ngoại vi (offsite) an toàn.",Critical,Automated,"Báo cáo thực thi sao lưu hàng ngày (Backup logs), bằng chứng sao lưu lưu trữ ngoại vi có tính năng chống ghi đè/ransomware.",Hàng ngày (Daily),100% các tác vụ sao lưu hàng ngày thành công; có cảnh báo tự động gửi về IT Ops nếu lỗi; bản backup có tính năng chống ghi đè.,Tác vụ sao lưu thất bại liên tiếp > 1 ngày không được xử lý; thiếu bản sao lưu offsite hoặc thiếu backup dữ liệu trọng yếu.
,ITGC-OP-02,IT Operations & Backup,Định kỳ kiểm chứng tính sẵn sàng và toàn vẹn của dữ liệu sao lưu bằng cách diễn tập phục hồi trên môi trường độc lập.,High,Semi-automated,Biên bản diễn tập khôi phục dữ liệu (Restoration Test Report) định kỳ 6 tháng/lần kèm bảng đối chiếu checksum/toàn vẹn.,Định kỳ 6 tháng,Hoàn tất diễn tập phục hồi dữ liệu ít nhất 6 tháng/lần; dữ liệu phục hồi toàn vẹn 100%; thời gian khôi phục đáp ứng chỉ số RTO/RPO.,Quá hạn 6 tháng không diễn tập khôi phục; dữ liệu bị lỗi corrupt không thể phục hồi; hoặc thời gian khôi phục vượt ngưỡng RTO.
,ITGC-OP-03,IT Operations & Backup,"Giám sát 24/7 tài nguyên máy chủ, tiến trình xử lý hàng loạt (batch jobs) và tự động tạo phiếu sự cố khi có bất thường.",Medium,Automated,"Dashboard giám sát hệ thống (Monitoring Tools), log cảnh báo tự động và danh sách phiếu xử lý sự cố IT Helpdesk.",Liên tục (Continuous),Các tác vụ batch jobs quan trọng gặp lỗi được hệ thống tự động bắn cảnh báo và phản hồi xử lý trong vòng 30 phút.,Tác vụ batch job ngừng hoạt động nhưng không có cảnh báo; thời gian phát hiện sự cố treo hệ thống vượt quá 2 giờ.
,ITGC-SD-01,System Security & SDLC,Định kỳ quét rà soát lỗ hổng bảo mật hệ thống và triển khai bản vá (patch) bảo mật theo khung thời gian cam kết.,Critical,Semi-automated,Báo cáo quét lỗ hổng (Vulnerability Scan Report) hàng tháng và danh sách ticket cập nhật bản vá bảo mật hệ điều hành.,Hàng tháng (Monthly),Quét lỗ hổng toàn diện tối thiểu 1 lần/tháng; các lỗ hổng mức độ Critical/High được vá triệt để trong vòng 14 ngày từ khi công bố.,Tồn tại lỗ hổng Critical chưa được vá quá 30 ngày mà không có giải pháp kiểm soát bù đắp được phê duyệt chính thức.
,ITGC-SD-02,System Security & SDLC,Thực hiện rà soát mã nguồn tĩnh (SAST) và kiểm thử xâm nhập (Penetration Testing) trước khi phát hành ứng dụng mới.,High,Semi-automated,Báo cáo quét mã nguồn tự động trên CI/CD pipeline và Báo cáo kiểm thử xâm nhập (Pentest Report) thường niên.,Hàng năm / Bản Major,100% tính năng mới vượt qua vòng kiểm tra SAST không còn lỗi bảo mật nghiêm trọng; báo cáo Pentest hàng năm đạt yêu cầu.,"Triển khai ứng dụng ra bên ngoài khi chưa rà soát mã nguồn, hoặc chưa khắc phục các lỗ hổng OWASP Top 10 nghiêm trọng."