cicd_event_id,timestamp,source_system,change_request_id,pr_id,event_type,actor_user_id,environment,result,commit_sha
CICD_000001,2026-01-06T12:25:34,GITHUB_ACTIONS_DEMO,RFC_00001,PR-2025,PR_OPENED,USR_0047,CI,SUCCESS,161916085e88
CICD_000002,2026-01-06T14:25:34,GITHUB_ACTIONS_DEMO,RFC_00001,PR-2025,TEST,USR_0019,CI,SUCCESS,1576eb382345
CICD_000003,2026-01-06T16:25:34,GITHUB_ACTIONS_DEMO,RFC_00001,PR-2025,APPROVAL,USR_0017,CI,APPROVED,6ff8b6978326
CICD_000004,2026-01-06T18:25:34,GITHUB_ACTIONS_DEMO,RFC_00001,PR-2025,DEPLOY_PROD,USR_0029,PROD,SUCCESS,c37eb6d6d6c1
CICD_000005,2026-01-05T12:01:24,GITHUB_ACTIONS_DEMO,RFC_00002,PR-1284,PR_OPENED,USR_0038,CI,SUCCESS,6e8e176c9f56
CICD_000006,2026-01-05T14:01:24,GITHUB_ACTIONS_DEMO,RFC_00002,PR-1284,TEST,USR_0008,CI,FAILED,c9709113e278
CICD_000007,2026-01-05T16:01:24,GITHUB_ACTIONS_DEMO,RFC_00002,PR-1284,APPROVAL,USR_0002,CI,APPROVED,a5a4df650f52
CICD_000008,2026-01-05T18:01:24,GITHUB_ACTIONS_DEMO,RFC_00002,PR-1284,DEPLOY_PROD,USR_0019,PROD,SUCCESS,abf921ce1c06
CICD_000009,2026-01-15T17:23:56,GITHUB_ACTIONS_DEMO,RFC_00003,PR-2868,PR_OPENED,USR_0006,CI,SUCCESS,ad71b104323d
CICD_000010,2026-01-15T19:23:56,GITHUB_ACTIONS_DEMO,RFC_00003,PR-2868,TEST,USR_0002,CI,FAILED,0adaf6de65cf
CICD_000011,2026-01-15T21:23:56,GITHUB_ACTIONS_DEMO,RFC_00003,PR-2868,APPROVAL,USR_0037,CI,APPROVED,e8a5e370cf72
CICD_000012,2026-01-15T23:23:56,GITHUB_ACTIONS_DEMO,RFC_00003,PR-2868,DEPLOY_PROD,USR_0042,PROD,SUCCESS,b1cc3f25a15f
CICD_000013,2026-01-05T02:22:35,GITHUB_ACTIONS_DEMO,RFC_00004,PR-7487,PR_OPENED,USR_0011,CI,SUCCESS,121d9800901c
CICD_000014,2026-01-05T04:22:35,GITHUB_ACTIONS_DEMO,RFC_00004,PR-7487,TEST,USR_0040,CI,SUCCESS,d5064f498c88
CICD_000015,2026-01-05T06:22:35,GITHUB_ACTIONS_DEMO,RFC_00004,PR-7487,APPROVAL,USR_0047,CI,APPROVED,db86e3b812d5
CICD_000016,2026-01-05T08:22:35,GITHUB_ACTIONS_DEMO,RFC_00004,PR-7487,DEPLOY_PROD,USR_0010,PROD,SUCCESS,6d363d5a79ca
CICD_000017,2026-01-15T09:39:29,GITHUB_ACTIONS_DEMO,RFC_00005,PR-3151,PR_OPENED,USR_0051,CI,SUCCESS,033ab759bcfe
CICD_000018,2026-01-15T11:39:29,GITHUB_ACTIONS_DEMO,RFC_00005,PR-3151,TEST,USR_0057,CI,SUCCESS,6b705311ff66
CICD_000019,2026-01-15T13:39:29,GITHUB_ACTIONS_DEMO,RFC_00005,PR-3151,APPROVAL,USR_0038,CI,APPROVED,a1f89d4802f5
CICD_000020,2026-01-15T15:39:29,GITHUB_ACTIONS_DEMO,RFC_00005,PR-3151,DEPLOY_PROD,USR_0055,PROD,SUCCESS,eafb21976756
CICD_000021,2026-01-07T15:26:04,GITHUB_ACTIONS_DEMO,RFC_00006,PR-8906,PR_OPENED,USR_0017,CI,SUCCESS,a32ead1d4132
CICD_000022,2026-01-07T17:26:04,GITHUB_ACTIONS_DEMO,RFC_00006,PR-8906,TEST,USR_0031,CI,SUCCESS,1163bd1f9a43
CICD_000023,2026-01-07T19:26:04,GITHUB_ACTIONS_DEMO,RFC_00006,PR-8906,APPROVAL,USR_0057,CI,APPROVED,f822d284a460
CICD_000024,2026-01-07T21:26:04,GITHUB_ACTIONS_DEMO,RFC_00006,PR-8906,DEPLOY_PROD,USR_0060,PROD,SUCCESS,aca2ac20fdc8
CICD_000025,2026-01-12T07:06:24,GITHUB_ACTIONS_DEMO,RFC_00007,PR-6365,PR_OPENED,USR_0017,CI,SUCCESS,a977fd6baea2
CICD_000026,2026-01-12T09:06:24,GITHUB_ACTIONS_DEMO,RFC_00007,PR-6365,TEST,USR_0013,CI,SUCCESS,0f904378e5c3
CICD_000027,2026-01-12T11:06:24,GITHUB_ACTIONS_DEMO,RFC_00007,PR-6365,APPROVAL,USR_0035,CI,APPROVED,8a8b87325ec6
CICD_000028,2026-01-12T13:06:24,GITHUB_ACTIONS_DEMO,RFC_00007,PR-6365,DEPLOY_PROD,USR_0042,PROD,SUCCESS,3a5b493f4d9d
CICD_000029,2026-01-05T06:24:39,GITHUB_ACTIONS_DEMO,RFC_00008,PR-8861,PR_OPENED,USR_0016,CI,SUCCESS,89ff9ee0bd2a
CICD_000030,2026-01-05T08:24:39,GITHUB_ACTIONS_DEMO,RFC_00008,PR-8861,TEST,USR_0031,CI,SUCCESS,f9f52d96b684
CICD_000031,2026-01-05T10:24:39,GITHUB_ACTIONS_DEMO,RFC_00008,PR-8861,APPROVAL,USR_0041,CI,APPROVED,30d2174e4c40
CICD_000032,2026-01-05T12:24:39,GITHUB_ACTIONS_DEMO,RFC_00008,PR-8861,DEPLOY_PROD,USR_0053,PROD,SUCCESS,cd092121f77f
CICD_000033,2026-01-08T13:45:20,GITHUB_ACTIONS_DEMO,RFC_00009,PR-7141,PR_OPENED,USR_0050,CI,SUCCESS,1e647078f91e
CICD_000034,2026-01-08T15:45:20,GITHUB_ACTIONS_DEMO,RFC_00009,PR-7141,TEST,USR_0006,CI,SUCCESS,84b4a21666ff
CICD_000035,2026-01-08T17:45:20,GITHUB_ACTIONS_DEMO,RFC_00009,PR-7141,APPROVAL,USR_0030,CI,APPROVED,cb0a23bc010a
CICD_000036,2026-01-08T19:45:20,GITHUB_ACTIONS_DEMO,RFC_00009,PR-7141,DEPLOY_PROD,USR_0047,PROD,SUCCESS,f06a38dcefa9
CICD_000037,2026-01-15T02:40:57,GITHUB_ACTIONS_DEMO,RFC_00010,PR-9871,PR_OPENED,USR_0060,CI,SUCCESS,ff3e28eabc37
CICD_000038,2026-01-15T04:40:57,GITHUB_ACTIONS_DEMO,RFC_00010,PR-9871,TEST,USR_0047,CI,SUCCESS,8492d61ca3ce
CICD_000039,2026-01-15T06:40:57,GITHUB_ACTIONS_DEMO,RFC_00010,PR-9871,APPROVAL,USR_0041,CI,APPROVED,902d55816e49
CICD_000040,2026-01-15T08:40:57,GITHUB_ACTIONS_DEMO,RFC_00010,PR-9871,DEPLOY_PROD,USR_0002,PROD,SUCCESS,47287c3cc46e
CICD_000041,2026-01-04T02:38:11,GITHUB_ACTIONS_DEMO,RFC_00011,PR-4301,PR_OPENED,USR_0032,CI,SUCCESS,de880a27ed92
CICD_000042,2026-01-04T04:38:11,GITHUB_ACTIONS_DEMO,RFC_00011,PR-4301,TEST,USR_0051,CI,FAILED,1a3f9ba59f43
CICD_000043,2026-01-04T06:38:11,GITHUB_ACTIONS_DEMO,RFC_00011,PR-4301,APPROVAL,USR_0033,CI,APPROVED,605d4302783c
CICD_000044,2026-01-04T08:38:11,GITHUB_ACTIONS_DEMO,RFC_00011,PR-4301,DEPLOY_PROD,USR_0046,PROD,SUCCESS,a0ef659acf92
CICD_000045,2026-01-03T16:45:26,GITHUB_ACTIONS_DEMO,RFC_00012,PR-5728,PR_OPENED,USR_0005,CI,SUCCESS,1d7350beddd5
CICD_000046,2026-01-03T18:45:26,GITHUB_ACTIONS_DEMO,RFC_00012,PR-5728,TEST,USR_0011,CI,SUCCESS,024866c7f406
CICD_000047,2026-01-03T20:45:26,GITHUB_ACTIONS_DEMO,RFC_00012,PR-5728,APPROVAL,USR_0007,CI,APPROVED,1b74905008b2
CICD_000048,2026-01-03T22:45:26,GITHUB_ACTIONS_DEMO,RFC_00012,PR-5728,DEPLOY_PROD,USR_0060,PROD,SUCCESS,e37ddcbc476c
CICD_000049,2026-01-12T00:00:13,GITHUB_ACTIONS_DEMO,RFC_00013,PR-1952,PR_OPENED,USR_0039,CI,SUCCESS,a019685ad576
CICD_000050,2026-01-12T02:00:13,GITHUB_ACTIONS_DEMO,RFC_00013,PR-1952,TEST,USR_0041,CI,SUCCESS,51f84ad88efb
CICD_000051,2026-01-12T04:00:13,GITHUB_ACTIONS_DEMO,RFC_00013,PR-1952,APPROVAL,USR_0019,CI,APPROVED,b300701adf46
CICD_000052,2026-01-12T06:00:13,GITHUB_ACTIONS_DEMO,RFC_00013,PR-1952,DEPLOY_PROD,USR_0023,PROD,SUCCESS,42941e8d5cee
CICD_000053,2026-01-08T07:59:47,GITHUB_ACTIONS_DEMO,RFC_00014,PR-2933,PR_OPENED,USR_0043,CI,SUCCESS,3d38e634bd47
CICD_000054,2026-01-08T09:59:47,GITHUB_ACTIONS_DEMO,RFC_00014,PR-2933,TEST,USR_0001,CI,SUCCESS,69832323b040
CICD_000055,2026-01-08T11:59:47,GITHUB_ACTIONS_DEMO,RFC_00014,PR-2933,APPROVAL,USR_0043,CI,APPROVED,66b80c3587c6
CICD_000056,2026-01-08T13:59:47,GITHUB_ACTIONS_DEMO,RFC_00014,PR-2933,DEPLOY_PROD,USR_0043,PROD,SUCCESS,1d10c2cc33d8
CICD_000057,2026-01-02T22:19:40,GITHUB_ACTIONS_DEMO,RFC_00015,PR-2944,PR_OPENED,USR_0046,CI,SUCCESS,16e24bcf5eac
CICD_000058,2026-01-03T00:19:40,GITHUB_ACTIONS_DEMO,RFC_00015,PR-2944,TEST,USR_0033,CI,SUCCESS,83854a65b289
CICD_000059,2026-01-03T02:19:40,GITHUB_ACTIONS_DEMO,RFC_00015,PR-2944,APPROVAL,USR_0045,CI,APPROVED,f365780de370
CICD_000060,2026-01-03T04:19:40,GITHUB_ACTIONS_DEMO,RFC_00015,PR-2944,DEPLOY_PROD,USR_0021,PROD,SUCCESS,f8bc85543731
CICD_000061,2026-01-06T21:26:16,GITHUB_ACTIONS_DEMO,RFC_00016,PR-4241,PR_OPENED,USR_0014,CI,SUCCESS,77046019f42e
CICD_000062,2026-01-06T23:26:16,GITHUB_ACTIONS_DEMO,RFC_00016,PR-4241,TEST,USR_0056,CI,SUCCESS,da71e406497a
CICD_000063,2026-01-07T01:26:16,GITHUB_ACTIONS_DEMO,RFC_00016,PR-4241,APPROVAL,USR_0010,CI,APPROVED,b5e1fc279062
CICD_000064,2026-01-07T03:26:16,GITHUB_ACTIONS_DEMO,RFC_00016,PR-4241,DEPLOY_PROD,USR_0017,PROD,SUCCESS,4e77a7052bca
CICD_000065,2026-01-12T12:38:04,GITHUB_ACTIONS_DEMO,RFC_00017,PR-5440,PR_OPENED,USR_0004,CI,SUCCESS,47f196045bf8
CICD_000066,2026-01-12T14:38:04,GITHUB_ACTIONS_DEMO,RFC_00017,PR-5440,TEST,USR_0015,CI,SUCCESS,35d50bcb57c7
CICD_000067,2026-01-12T16:38:04,GITHUB_ACTIONS_DEMO,RFC_00017,PR-5440,APPROVAL,USR_0055,CI,APPROVED,64fee0ccc385
CICD_000068,2026-01-12T18:38:04,GITHUB_ACTIONS_DEMO,RFC_00017,PR-5440,DEPLOY_PROD,USR_0005,PROD,SUCCESS,e3d999b9c6d6
CICD_000069,2026-01-11T15:29:41,GITHUB_ACTIONS_DEMO,RFC_00018,PR-9483,PR_OPENED,USR_0032,CI,SUCCESS,349b20d3763b
CICD_000070,2026-01-11T17:29:41,GITHUB_ACTIONS_DEMO,RFC_00018,PR-9483,TEST,USR_0001,CI,SUCCESS,c7b34eba3e1f
CICD_000071,2026-01-11T19:29:41,GITHUB_ACTIONS_DEMO,RFC_00018,PR-9483,APPROVAL,USR_0013,CI,APPROVED,23c2fd6df708
CICD_000072,2026-01-11T21:29:41,GITHUB_ACTIONS_DEMO,RFC_00018,PR-9483,DEPLOY_PROD,USR_0045,PROD,SUCCESS,1c62318fb6c5
CICD_000073,2026-01-02T03:25:48,GITHUB_ACTIONS_DEMO,RFC_00019,PR-1206,PR_OPENED,USR_0008,CI,SUCCESS,3aa43f7a32ec
CICD_000074,2026-01-02T05:25:48,GITHUB_ACTIONS_DEMO,RFC_00019,PR-1206,TEST,USR_0030,CI,FAILED,01cd2b2c325a
CICD_000075,2026-01-02T07:25:48,GITHUB_ACTIONS_DEMO,RFC_00019,PR-1206,APPROVAL,USR_0046,CI,APPROVED,abbbfb63d1bb
CICD_000076,2026-01-02T09:25:48,GITHUB_ACTIONS_DEMO,RFC_00019,PR-1206,DEPLOY_PROD,USR_0041,PROD,SUCCESS,e7c28b4e2c8b
CICD_000077,2026-01-11T23:13:47,GITHUB_ACTIONS_DEMO,RFC_00020,PR-4429,PR_OPENED,USR_0049,CI,SUCCESS,b40547a39e32
CICD_000078,2026-01-12T01:13:47,GITHUB_ACTIONS_DEMO,RFC_00020,PR-4429,TEST,USR_0045,CI,SUCCESS,5b6f54a8a8d6
CICD_000079,2026-01-12T03:13:47,GITHUB_ACTIONS_DEMO,RFC_00020,PR-4429,APPROVAL,USR_0055,CI,APPROVED,153cfc0ff7a9
CICD_000080,2026-01-12T05:13:47,GITHUB_ACTIONS_DEMO,RFC_00020,PR-4429,DEPLOY_PROD,USR_0039,PROD,SUCCESS,821d1f552839
CICD_000081,2026-01-04T20:17:54,GITHUB_ACTIONS_DEMO,RFC_00021,PR-3346,PR_OPENED,USR_0046,CI,SUCCESS,3f0f88ead660
CICD_000082,2026-01-04T22:17:54,GITHUB_ACTIONS_DEMO,RFC_00021,PR-3346,TEST,USR_0022,CI,SUCCESS,054965b23c11
CICD_000083,2026-01-05T00:17:54,GITHUB_ACTIONS_DEMO,RFC_00021,PR-3346,APPROVAL,USR_0046,CI,APPROVED,e0cfccef24aa
CICD_000084,2026-01-05T02:17:54,GITHUB_ACTIONS_DEMO,,PR-3346,DEPLOY_PROD,USR_0046,PROD,SUCCESS,daebd2991c33
CICD_000085,2026-01-14T15:25:33,GITHUB_ACTIONS_DEMO,RFC_00022,PR-9768,PR_OPENED,USR_0036,CI,SUCCESS,6eb8fd433169
CICD_000086,2026-01-14T17:25:33,GITHUB_ACTIONS_DEMO,RFC_00022,PR-9768,TEST,USR_0054,CI,SUCCESS,b6e8a96e1d93
CICD_000087,2026-01-14T19:25:33,GITHUB_ACTIONS_DEMO,RFC_00022,PR-9768,APPROVAL,USR_0041,CI,APPROVED,0a6e96fea7a3
CICD_000088,2026-01-14T21:25:33,GITHUB_ACTIONS_DEMO,RFC_00022,PR-9768,DEPLOY_PROD,USR_0047,PROD,SUCCESS,4823e0c087ec
CICD_000089,2026-01-13T01:35:45,GITHUB_ACTIONS_DEMO,RFC_00023,PR-6472,PR_OPENED,USR_0020,CI,SUCCESS,2b7b79fc5ce5
CICD_000090,2026-01-13T03:35:45,GITHUB_ACTIONS_DEMO,RFC_00023,PR-6472,TEST,USR_0014,CI,SUCCESS,c18ef4672d76
CICD_000091,2026-01-13T05:35:45,GITHUB_ACTIONS_DEMO,RFC_00023,PR-6472,APPROVAL,USR_0017,CI,APPROVED,b40c1407448e
CICD_000092,2026-01-13T07:35:45,GITHUB_ACTIONS_DEMO,RFC_00023,PR-6472,DEPLOY_PROD,USR_0019,PROD,SUCCESS,559e3105b824
CICD_000093,2026-01-03T17:26:51,GITHUB_ACTIONS_DEMO,RFC_00024,PR-5415,PR_OPENED,USR_0050,CI,SUCCESS,3a9353352a6f
CICD_000094,2026-01-03T19:26:51,GITHUB_ACTIONS_DEMO,RFC_00024,PR-5415,TEST,USR_0037,CI,SUCCESS,a63cde1ab107
CICD_000095,2026-01-03T21:26:51,GITHUB_ACTIONS_DEMO,RFC_00024,PR-5415,APPROVAL,USR_0039,CI,APPROVED,16332cb3aefd
CICD_000096,2026-01-03T23:26:51,GITHUB_ACTIONS_DEMO,,PR-5415,DEPLOY_PROD,USR_0037,PROD,SUCCESS,b8c16512b5b4
CICD_000097,2026-01-13T23:08:44,GITHUB_ACTIONS_DEMO,RFC_00025,PR-7093,PR_OPENED,USR_0026,CI,SUCCESS,db0cf554c4b3
CICD_000098,2026-01-14T01:08:44,GITHUB_ACTIONS_DEMO,RFC_00025,PR-7093,TEST,USR_0025,CI,SUCCESS,4f371c1b9865
CICD_000099,2026-01-14T03:08:44,GITHUB_ACTIONS_DEMO,RFC_00025,PR-7093,APPROVAL,USR_0060,CI,APPROVED,bcf3c3f614e8
CICD_000100,2026-01-14T05:08:44,GITHUB_ACTIONS_DEMO,,PR-7093,DEPLOY_PROD,USR_0012,PROD,SUCCESS,c813f0f38e8a
CICD_000101,2026-01-09T02:13:37,GITHUB_ACTIONS_DEMO,RFC_00026,PR-5348,PR_OPENED,USR_0011,CI,SUCCESS,f2047e0ea21a
CICD_000102,2026-01-09T04:13:37,GITHUB_ACTIONS_DEMO,RFC_00026,PR-5348,TEST,USR_0054,CI,SUCCESS,6a084389e203
CICD_000103,2026-01-09T06:13:37,GITHUB_ACTIONS_DEMO,RFC_00026,PR-5348,APPROVAL,USR_0042,CI,APPROVED,21729e1970fe
CICD_000104,2026-01-09T08:13:37,GITHUB_ACTIONS_DEMO,RFC_00026,PR-5348,DEPLOY_PROD,USR_0045,PROD,SUCCESS,b53396108cd5
CICD_000105,2026-01-06T09:22:27,GITHUB_ACTIONS_DEMO,RFC_00027,PR-2965,PR_OPENED,USR_0049,CI,SUCCESS,16ee9fa3db22
CICD_000106,2026-01-06T11:22:27,GITHUB_ACTIONS_DEMO,RFC_00027,PR-2965,TEST,USR_0017,CI,SUCCESS,3814af0ee1c7
CICD_000107,2026-01-06T13:22:27,GITHUB_ACTIONS_DEMO,RFC_00027,PR-2965,APPROVAL,USR_0033,CI,APPROVED,5a1f112a4aca
CICD_000108,2026-01-06T15:22:27,GITHUB_ACTIONS_DEMO,RFC_00027,PR-2965,DEPLOY_PROD,USR_0036,PROD,SUCCESS,59c7976b28e9
CICD_000109,2026-01-09T19:39:36,GITHUB_ACTIONS_DEMO,RFC_00028,PR-9774,PR_OPENED,USR_0035,CI,SUCCESS,b8f217e63604
CICD_000110,2026-01-09T21:39:36,GITHUB_ACTIONS_DEMO,RFC_00028,PR-9774,TEST,USR_0004,CI,SUCCESS,c2492bd560ed
CICD_000111,2026-01-09T23:39:36,GITHUB_ACTIONS_DEMO,RFC_00028,PR-9774,APPROVAL,USR_0035,CI,APPROVED,fb117e4a8c59
CICD_000112,2026-01-10T01:39:36,GITHUB_ACTIONS_DEMO,RFC_00028,PR-9774,DEPLOY_PROD,USR_0041,PROD,SUCCESS,2db2382d7620
CICD_000113,2026-01-02T13:12:52,GITHUB_ACTIONS_DEMO,RFC_00029,PR-8414,PR_OPENED,USR_0002,CI,SUCCESS,363ab4328638
CICD_000114,2026-01-02T15:12:52,GITHUB_ACTIONS_DEMO,RFC_00029,PR-8414,TEST,USR_0053,CI,SUCCESS,f8e0a2e5a310
CICD_000115,2026-01-02T17:12:52,GITHUB_ACTIONS_DEMO,RFC_00029,PR-8414,APPROVAL,USR_0052,CI,APPROVED,56e6c5a0bf39
CICD_000116,2026-01-02T19:12:52,GITHUB_ACTIONS_DEMO,RFC_00029,PR-8414,DEPLOY_PROD,USR_0052,PROD,SUCCESS,f9c31aafbbc7
CICD_000117,2026-01-14T21:32:27,GITHUB_ACTIONS_DEMO,RFC_00030,PR-4871,PR_OPENED,USR_0013,CI,SUCCESS,5b3ae7581740
CICD_000118,2026-01-14T23:32:27,GITHUB_ACTIONS_DEMO,RFC_00030,PR-4871,TEST,USR_0029,CI,SUCCESS,0058dde7698b
CICD_000119,2026-01-15T01:32:27,GITHUB_ACTIONS_DEMO,RFC_00030,PR-4871,APPROVAL,USR_0048,CI,APPROVED,88f01f1794eb
CICD_000120,2026-01-15T03:32:27,GITHUB_ACTIONS_DEMO,RFC_00030,PR-4871,DEPLOY_PROD,USR_0031,PROD,SUCCESS,c73fdc58e12e
CICD_000121,2026-01-11T10:09:30,GITHUB_ACTIONS_DEMO,RFC_00031,PR-7326,PR_OPENED,USR_0054,CI,SUCCESS,dbb41878861b
CICD_000122,2026-01-11T12:09:30,GITHUB_ACTIONS_DEMO,RFC_00031,PR-7326,TEST,USR_0049,CI,SUCCESS,6e078753ff26
CICD_000123,2026-01-11T14:09:30,GITHUB_ACTIONS_DEMO,RFC_00031,PR-7326,APPROVAL,USR_0053,CI,APPROVED,a95c6720a8d5
CICD_000124,2026-01-11T16:09:30,GITHUB_ACTIONS_DEMO,RFC_00031,PR-7326,DEPLOY_PROD,USR_0050,PROD,SUCCESS,10eaa276416e
CICD_000125,2026-01-07T21:36:06,GITHUB_ACTIONS_DEMO,RFC_00032,PR-2271,PR_OPENED,USR_0016,CI,SUCCESS,be6a8a8ac1d5
CICD_000126,2026-01-07T23:36:06,GITHUB_ACTIONS_DEMO,RFC_00032,PR-2271,TEST,USR_0015,CI,SUCCESS,9def2be90417
CICD_000127,2026-01-08T01:36:06,GITHUB_ACTIONS_DEMO,RFC_00032,PR-2271,APPROVAL,USR_0016,CI,APPROVED,ecfdb48f9e1e
CICD_000128,2026-01-08T03:36:06,GITHUB_ACTIONS_DEMO,RFC_00032,PR-2271,DEPLOY_PROD,USR_0034,PROD,SUCCESS,70b250d8c50f
CICD_000129,2026-01-10T15:12:47,GITHUB_ACTIONS_DEMO,RFC_00033,PR-2436,PR_OPENED,USR_0015,CI,SUCCESS,560374d3119f
CICD_000130,2026-01-10T17:12:47,GITHUB_ACTIONS_DEMO,RFC_00033,PR-2436,TEST,USR_0048,CI,SUCCESS,e8a95a2e4b12
CICD_000131,2026-01-10T19:12:47,GITHUB_ACTIONS_DEMO,RFC_00033,PR-2436,APPROVAL,USR_0004,CI,APPROVED,0aab028c8e07
CICD_000132,2026-01-10T21:12:47,GITHUB_ACTIONS_DEMO,RFC_00033,PR-2436,DEPLOY_PROD,USR_0010,PROD,SUCCESS,ac2e405187fb
CICD_000133,2026-01-02T14:39:06,GITHUB_ACTIONS_DEMO,RFC_00034,PR-7174,PR_OPENED,USR_0054,CI,SUCCESS,12fca2c10e7e
CICD_000134,2026-01-02T16:39:06,GITHUB_ACTIONS_DEMO,RFC_00034,PR-7174,TEST,USR_0038,CI,SUCCESS,6d67f6345f73
CICD_000135,2026-01-02T18:39:06,GITHUB_ACTIONS_DEMO,RFC_00034,PR-7174,APPROVAL,USR_0052,CI,APPROVED,bb82fd3a3b6b
CICD_000136,2026-01-02T20:39:06,GITHUB_ACTIONS_DEMO,RFC_00034,PR-7174,DEPLOY_PROD,USR_0049,PROD,SUCCESS,7cda56c0b90d
CICD_000137,2026-01-06T14:34:19,GITHUB_ACTIONS_DEMO,RFC_00035,PR-2860,PR_OPENED,USR_0045,CI,SUCCESS,08d2712ee6c8
CICD_000138,2026-01-06T16:34:19,GITHUB_ACTIONS_DEMO,RFC_00035,PR-2860,TEST,USR_0014,CI,SUCCESS,f71f11689ac9
CICD_000139,2026-01-06T18:34:19,GITHUB_ACTIONS_DEMO,RFC_00035,PR-2860,APPROVAL,USR_0021,CI,APPROVED,e37c20059c5e
CICD_000140,2026-01-06T20:34:19,GITHUB_ACTIONS_DEMO,RFC_00035,PR-2860,DEPLOY_PROD,USR_0010,PROD,SUCCESS,d3a73ceabcc9
CICD_000141,2026-01-04T13:03:53,GITHUB_ACTIONS_DEMO,RFC_00036,PR-2668,PR_OPENED,USR_0028,CI,SUCCESS,a53c9860a76a
CICD_000142,2026-01-04T15:03:53,GITHUB_ACTIONS_DEMO,RFC_00036,PR-2668,TEST,USR_0003,CI,FAILED,960221937700
CICD_000143,2026-01-04T17:03:53,GITHUB_ACTIONS_DEMO,RFC_00036,PR-2668,APPROVAL,USR_0041,CI,APPROVED,e15061d978a3
CICD_000144,2026-01-04T19:03:53,GITHUB_ACTIONS_DEMO,RFC_00036,PR-2668,DEPLOY_PROD,USR_0005,PROD,SUCCESS,c97d2f7e08d7
CICD_000145,2026-01-03T05:53:10,GITHUB_ACTIONS_DEMO,RFC_00037,PR-7916,PR_OPENED,USR_0030,CI,SUCCESS,2f95b89068ec
CICD_000146,2026-01-03T07:53:10,GITHUB_ACTIONS_DEMO,RFC_00037,PR-7916,TEST,USR_0047,CI,SUCCESS,54778f89e368
CICD_000147,2026-01-03T09:53:10,GITHUB_ACTIONS_DEMO,RFC_00037,PR-7916,APPROVAL,USR_0002,CI,APPROVED,b37758486921
CICD_000148,2026-01-03T11:53:10,GITHUB_ACTIONS_DEMO,RFC_00037,PR-7916,DEPLOY_PROD,USR_0052,PROD,SUCCESS,492150e8f999
CICD_000149,2026-01-04T02:14:32,GITHUB_ACTIONS_DEMO,RFC_00038,PR-6371,PR_OPENED,USR_0023,CI,SUCCESS,03bf4fb665fe
CICD_000150,2026-01-04T04:14:32,GITHUB_ACTIONS_DEMO,RFC_00038,PR-6371,TEST,USR_0002,CI,SUCCESS,671d0e0f2909
CICD_000151,2026-01-04T06:14:32,GITHUB_ACTIONS_DEMO,RFC_00038,PR-6371,APPROVAL,USR_0050,CI,APPROVED,92041b031f93
CICD_000152,2026-01-04T08:14:32,GITHUB_ACTIONS_DEMO,RFC_00038,PR-6371,DEPLOY_PROD,USR_0022,PROD,SUCCESS,5a0ca07b66cd
CICD_000153,2026-01-05T14:16:28,GITHUB_ACTIONS_DEMO,RFC_00039,PR-6396,PR_OPENED,USR_0055,CI,SUCCESS,126573e82178
CICD_000154,2026-01-05T16:16:28,GITHUB_ACTIONS_DEMO,RFC_00039,PR-6396,TEST,USR_0054,CI,SUCCESS,4dff9302fa62
CICD_000155,2026-01-05T18:16:28,GITHUB_ACTIONS_DEMO,RFC_00039,PR-6396,APPROVAL,USR_0055,CI,APPROVED,09bfff3f6a8b
CICD_000156,2026-01-05T20:16:28,GITHUB_ACTIONS_DEMO,RFC_00039,PR-6396,DEPLOY_PROD,USR_0041,PROD,SUCCESS,b9954cba618e
CICD_000157,2026-01-08T10:32:01,GITHUB_ACTIONS_DEMO,RFC_00040,PR-9127,PR_OPENED,USR_0060,CI,SUCCESS,9c7827f206e3
CICD_000158,2026-01-08T12:32:01,GITHUB_ACTIONS_DEMO,RFC_00040,PR-9127,TEST,USR_0017,CI,SUCCESS,641d4fb00cb6
CICD_000159,2026-01-08T14:32:01,GITHUB_ACTIONS_DEMO,RFC_00040,PR-9127,APPROVAL,USR_0031,CI,APPROVED,bc512da26526
CICD_000160,2026-01-08T16:32:01,GITHUB_ACTIONS_DEMO,RFC_00040,PR-9127,DEPLOY_PROD,USR_0004,PROD,SUCCESS,83c1e841e30f
CICD_000161,2026-01-06T15:19:59,GITHUB_ACTIONS_DEMO,RFC_00041,PR-4742,PR_OPENED,USR_0028,CI,SUCCESS,981c6bcf9cd7
CICD_000162,2026-01-06T17:19:59,GITHUB_ACTIONS_DEMO,RFC_00041,PR-4742,TEST,USR_0025,CI,SUCCESS,5af45a782b90
CICD_000163,2026-01-06T19:19:59,GITHUB_ACTIONS_DEMO,RFC_00041,PR-4742,APPROVAL,USR_0051,CI,APPROVED,415cc436a74a
CICD_000164,2026-01-06T21:19:59,GITHUB_ACTIONS_DEMO,,PR-4742,DEPLOY_PROD,USR_0017,PROD,SUCCESS,8856ec158f21
CICD_000165,2026-01-12T09:01:42,GITHUB_ACTIONS_DEMO,RFC_00042,PR-3740,PR_OPENED,USR_0015,CI,SUCCESS,f6c7ab4f8561
CICD_000166,2026-01-12T11:01:42,GITHUB_ACTIONS_DEMO,RFC_00042,PR-3740,TEST,USR_0047,CI,SUCCESS,a83a59b5b308
CICD_000167,2026-01-12T13:01:42,GITHUB_ACTIONS_DEMO,RFC_00042,PR-3740,APPROVAL,USR_0002,CI,APPROVED,dc0d24ee9a7e
CICD_000168,2026-01-12T15:01:42,GITHUB_ACTIONS_DEMO,RFC_00042,PR-3740,DEPLOY_PROD,USR_0024,PROD,SUCCESS,400982ad0a70
CICD_000169,2026-01-12T09:24:51,GITHUB_ACTIONS_DEMO,RFC_00043,PR-7960,PR_OPENED,USR_0053,CI,SUCCESS,d5cdd4e84269
CICD_000170,2026-01-12T11:24:51,GITHUB_ACTIONS_DEMO,RFC_00043,PR-7960,TEST,USR_0041,CI,SUCCESS,752a7b537a82
CICD_000171,2026-01-12T13:24:51,GITHUB_ACTIONS_DEMO,RFC_00043,PR-7960,APPROVAL,USR_0004,CI,APPROVED,1a24e36a3e57
CICD_000172,2026-01-12T15:24:51,GITHUB_ACTIONS_DEMO,,PR-7960,DEPLOY_PROD,USR_0001,PROD,SUCCESS,d787d10b55a0
CICD_000173,2026-01-12T13:43:29,GITHUB_ACTIONS_DEMO,RFC_00044,PR-5125,PR_OPENED,USR_0014,CI,SUCCESS,88d0f1e6f5b4
CICD_000174,2026-01-12T15:43:29,GITHUB_ACTIONS_DEMO,RFC_00044,PR-5125,TEST,USR_0013,CI,SUCCESS,3ad64626785d
CICD_000175,2026-01-12T17:43:29,GITHUB_ACTIONS_DEMO,RFC_00044,PR-5125,APPROVAL,USR_0032,CI,APPROVED,27e8e9ae33f2
CICD_000176,2026-01-12T19:43:29,GITHUB_ACTIONS_DEMO,RFC_00044,PR-5125,DEPLOY_PROD,USR_0038,PROD,SUCCESS,7e415f1f2829
CICD_000177,2026-01-10T03:14:55,GITHUB_ACTIONS_DEMO,RFC_00045,PR-7509,PR_OPENED,USR_0010,CI,SUCCESS,315e74995ad9
CICD_000178,2026-01-10T05:14:55,GITHUB_ACTIONS_DEMO,RFC_00045,PR-7509,TEST,USR_0056,CI,SUCCESS,876e02cf62ed
CICD_000179,2026-01-10T07:14:55,GITHUB_ACTIONS_DEMO,RFC_00045,PR-7509,APPROVAL,USR_0013,CI,APPROVED,385b8754a6d4
CICD_000180,2026-01-10T09:14:55,GITHUB_ACTIONS_DEMO,RFC_00045,PR-7509,DEPLOY_PROD,USR_0024,PROD,SUCCESS,9a2d3e0d8e50
CICD_000181,2026-01-13T22:12:19,GITHUB_ACTIONS_DEMO,RFC_00046,PR-2670,PR_OPENED,USR_0012,CI,SUCCESS,1eb9a528774a
CICD_000182,2026-01-14T00:12:19,GITHUB_ACTIONS_DEMO,RFC_00046,PR-2670,TEST,USR_0012,CI,SUCCESS,106728aca0aa
CICD_000183,2026-01-14T02:12:19,GITHUB_ACTIONS_DEMO,RFC_00046,PR-2670,APPROVAL,USR_0033,CI,APPROVED,0c789668f423
CICD_000184,2026-01-14T04:12:19,GITHUB_ACTIONS_DEMO,RFC_00046,PR-2670,DEPLOY_PROD,USR_0003,PROD,SUCCESS,f242a5f4c0c0
CICD_000185,2026-01-05T00:48:08,GITHUB_ACTIONS_DEMO,RFC_00047,PR-3074,PR_OPENED,USR_0046,CI,SUCCESS,1466fdf8949e
CICD_000186,2026-01-05T02:48:08,GITHUB_ACTIONS_DEMO,RFC_00047,PR-3074,TEST,USR_0042,CI,FAILED,96eb0ab8ee33
CICD_000187,2026-01-05T04:48:08,GITHUB_ACTIONS_DEMO,RFC_00047,PR-3074,APPROVAL,USR_0011,CI,APPROVED,1ff71efae456
CICD_000188,2026-01-05T06:48:08,GITHUB_ACTIONS_DEMO,RFC_00047,PR-3074,DEPLOY_PROD,USR_0011,PROD,SUCCESS,6ca67e099c0a
CICD_000189,2026-01-12T23:57:19,GITHUB_ACTIONS_DEMO,RFC_00048,PR-5704,PR_OPENED,USR_0017,CI,SUCCESS,8be7fb4fb7d4
CICD_000190,2026-01-13T01:57:19,GITHUB_ACTIONS_DEMO,RFC_00048,PR-5704,TEST,USR_0043,CI,FAILED,fde8e182be99
CICD_000191,2026-01-13T03:57:19,GITHUB_ACTIONS_DEMO,RFC_00048,PR-5704,APPROVAL,USR_0031,CI,APPROVED,0468e8a07c23
CICD_000192,2026-01-13T05:57:19,GITHUB_ACTIONS_DEMO,RFC_00048,PR-5704,DEPLOY_PROD,USR_0036,PROD,SUCCESS,e3a7e4d60d1e
CICD_000193,2026-01-04T20:01:29,GITHUB_ACTIONS_DEMO,RFC_00049,PR-6097,PR_OPENED,USR_0023,CI,SUCCESS,e72c5ed6f90e
CICD_000194,2026-01-04T22:01:29,GITHUB_ACTIONS_DEMO,RFC_00049,PR-6097,TEST,USR_0033,CI,SUCCESS,1a28f50d7550
CICD_000195,2026-01-05T00:01:29,GITHUB_ACTIONS_DEMO,RFC_00049,PR-6097,APPROVAL,USR_0054,CI,APPROVED,85eeedc23d13
CICD_000196,2026-01-05T02:01:29,GITHUB_ACTIONS_DEMO,RFC_00049,PR-6097,DEPLOY_PROD,USR_0043,PROD,SUCCESS,dc9b5e82481c
CICD_000197,2026-01-04T16:57:23,GITHUB_ACTIONS_DEMO,RFC_00050,PR-3979,PR_OPENED,USR_0017,CI,SUCCESS,e894840880c3
CICD_000198,2026-01-04T18:57:23,GITHUB_ACTIONS_DEMO,RFC_00050,PR-3979,TEST,USR_0002,CI,SUCCESS,1a72cd4df3f7
CICD_000199,2026-01-04T20:57:23,GITHUB_ACTIONS_DEMO,RFC_00050,PR-3979,APPROVAL,USR_0050,CI,APPROVED,540edada4897
CICD_000200,2026-01-04T22:57:23,GITHUB_ACTIONS_DEMO,RFC_00050,PR-3979,DEPLOY_PROD,USR_0002,PROD,SUCCESS,daa4f244ab92
CICD_000201,2026-01-14T06:43:07,GITHUB_ACTIONS_DEMO,RFC_00051,PR-2887,PR_OPENED,USR_0004,CI,SUCCESS,86dfd75f12a6
CICD_000202,2026-01-14T08:43:07,GITHUB_ACTIONS_DEMO,RFC_00051,PR-2887,TEST,USR_0041,CI,SUCCESS,d7b3130c7ffe
CICD_000203,2026-01-14T10:43:07,GITHUB_ACTIONS_DEMO,RFC_00051,PR-2887,APPROVAL,USR_0045,CI,APPROVED,b425139cbf1c
CICD_000204,2026-01-14T12:43:07,GITHUB_ACTIONS_DEMO,RFC_00051,PR-2887,DEPLOY_PROD,USR_0045,PROD,SUCCESS,0cc5cba23d19
CICD_000205,2026-01-14T14:32:04,GITHUB_ACTIONS_DEMO,RFC_00052,PR-3034,PR_OPENED,USR_0002,CI,SUCCESS,b275d085ef62
CICD_000206,2026-01-14T16:32:04,GITHUB_ACTIONS_DEMO,RFC_00052,PR-3034,TEST,USR_0042,CI,SUCCESS,60ef40ebb588
CICD_000207,2026-01-14T18:32:04,GITHUB_ACTIONS_DEMO,RFC_00052,PR-3034,APPROVAL,USR_0046,CI,APPROVED,3bf4351dc4ae
CICD_000208,2026-01-14T20:32:04,GITHUB_ACTIONS_DEMO,RFC_00052,PR-3034,DEPLOY_PROD,USR_0028,PROD,SUCCESS,5c1671acf0cc
CICD_000209,2026-01-03T11:04:48,GITHUB_ACTIONS_DEMO,RFC_00053,PR-7713,PR_OPENED,USR_0001,CI,SUCCESS,b6bdb0c15765
CICD_000210,2026-01-03T13:04:48,GITHUB_ACTIONS_DEMO,RFC_00053,PR-7713,TEST,USR_0047,CI,SUCCESS,f8973faa22ed
CICD_000211,2026-01-03T15:04:48,GITHUB_ACTIONS_DEMO,RFC_00053,PR-7713,APPROVAL,USR_0048,CI,APPROVED,1d5a7c73f678
CICD_000212,2026-01-03T17:04:48,GITHUB_ACTIONS_DEMO,RFC_00053,PR-7713,DEPLOY_PROD,USR_0003,PROD,SUCCESS,8b81b15a688e
CICD_000213,2026-01-01T20:51:27,GITHUB_ACTIONS_DEMO,RFC_00054,PR-9451,PR_OPENED,USR_0038,CI,SUCCESS,f265ad1100c1
CICD_000214,2026-01-01T22:51:27,GITHUB_ACTIONS_DEMO,RFC_00054,PR-9451,TEST,USR_0015,CI,SUCCESS,45178f01e967
CICD_000215,2026-01-02T00:51:27,GITHUB_ACTIONS_DEMO,RFC_00054,PR-9451,APPROVAL,USR_0001,CI,APPROVED,525294293588
CICD_000216,2026-01-02T02:51:27,GITHUB_ACTIONS_DEMO,RFC_00054,PR-9451,DEPLOY_PROD,USR_0043,PROD,SUCCESS,f6475a9210e5
CICD_000217,2026-01-11T14:32:46,GITHUB_ACTIONS_DEMO,RFC_00055,PR-3569,PR_OPENED,USR_0059,CI,SUCCESS,29e3bb3d0ad3
CICD_000218,2026-01-11T16:32:46,GITHUB_ACTIONS_DEMO,RFC_00055,PR-3569,TEST,USR_0056,CI,SUCCESS,8e110ce7b41e
CICD_000219,2026-01-11T18:32:46,GITHUB_ACTIONS_DEMO,RFC_00055,PR-3569,APPROVAL,USR_0016,CI,APPROVED,bddafe9acab0
CICD_000220,2026-01-11T20:32:46,GITHUB_ACTIONS_DEMO,RFC_00055,PR-3569,DEPLOY_PROD,USR_0016,PROD,SUCCESS,1d4fc466dca1
CICD_000221,2026-01-14T15:55:10,GITHUB_ACTIONS_DEMO,RFC_00056,PR-7931,PR_OPENED,USR_0014,CI,SUCCESS,8bce0b178bd5
CICD_000222,2026-01-14T17:55:10,GITHUB_ACTIONS_DEMO,RFC_00056,PR-7931,TEST,USR_0057,CI,SUCCESS,581d5616313c
CICD_000223,2026-01-14T19:55:10,GITHUB_ACTIONS_DEMO,RFC_00056,PR-7931,APPROVAL,USR_0047,CI,APPROVED,1eee324897e3
CICD_000224,2026-01-14T21:55:10,GITHUB_ACTIONS_DEMO,RFC_00056,PR-7931,DEPLOY_PROD,USR_0047,PROD,SUCCESS,1a47c2718db4
CICD_000225,2026-01-11T05:22:25,GITHUB_ACTIONS_DEMO,RFC_00057,PR-8921,PR_OPENED,USR_0056,CI,SUCCESS,6f4e9c77f5de
CICD_000226,2026-01-11T07:22:25,GITHUB_ACTIONS_DEMO,RFC_00057,PR-8921,TEST,USR_0037,CI,SUCCESS,3e4209f79614
CICD_000227,2026-01-11T09:22:25,GITHUB_ACTIONS_DEMO,RFC_00057,PR-8921,APPROVAL,USR_0055,CI,APPROVED,24444d5d6fdc
CICD_000228,2026-01-11T11:22:25,GITHUB_ACTIONS_DEMO,RFC_00057,PR-8921,DEPLOY_PROD,USR_0020,PROD,SUCCESS,cdca56eed259
CICD_000229,2026-01-12T20:42:56,GITHUB_ACTIONS_DEMO,RFC_00058,PR-1594,PR_OPENED,USR_0054,CI,SUCCESS,64ef25ebceee
CICD_000230,2026-01-12T22:42:56,GITHUB_ACTIONS_DEMO,RFC_00058,PR-1594,TEST,USR_0053,CI,SUCCESS,544e00467643
CICD_000231,2026-01-13T00:42:56,GITHUB_ACTIONS_DEMO,RFC_00058,PR-1594,APPROVAL,USR_0047,CI,APPROVED,2e9b8b417ada
CICD_000232,2026-01-13T02:42:56,GITHUB_ACTIONS_DEMO,RFC_00058,PR-1594,DEPLOY_PROD,USR_0014,PROD,SUCCESS,95bc3c8575cd
CICD_000233,2026-01-12T00:11:33,GITHUB_ACTIONS_DEMO,RFC_00059,PR-8362,PR_OPENED,USR_0040,CI,SUCCESS,48ba43a167e6
CICD_000234,2026-01-12T02:11:33,GITHUB_ACTIONS_DEMO,RFC_00059,PR-8362,TEST,USR_0060,CI,SUCCESS,82a86f2c1afc
CICD_000235,2026-01-12T04:11:33,GITHUB_ACTIONS_DEMO,RFC_00059,PR-8362,APPROVAL,USR_0041,CI,APPROVED,f41093a9b8ff
CICD_000236,2026-01-12T06:11:33,GITHUB_ACTIONS_DEMO,RFC_00059,PR-8362,DEPLOY_PROD,USR_0002,PROD,SUCCESS,834684c2817b
CICD_000237,2026-01-15T11:44:46,GITHUB_ACTIONS_DEMO,RFC_00060,PR-9526,PR_OPENED,USR_0033,CI,SUCCESS,177f186da031
CICD_000238,2026-01-15T13:44:46,GITHUB_ACTIONS_DEMO,RFC_00060,PR-9526,TEST,USR_0025,CI,FAILED,16f5e57b45da
CICD_000239,2026-01-15T15:44:46,GITHUB_ACTIONS_DEMO,RFC_00060,PR-9526,APPROVAL,USR_0012,CI,APPROVED,543768098109
CICD_000240,2026-01-15T17:44:46,GITHUB_ACTIONS_DEMO,RFC_00060,PR-9526,DEPLOY_PROD,USR_0025,PROD,SUCCESS,773339acb493
