evidence_id,evidence_type,source_system,source_event_id,captured_at,actor_user_id,request_id,run_id,trip_id,integrity_hash_sha256_demo,raw_reference
EVD_000001,DB_AUDIT,POSTGRES_DEMO,DBE_000691,2026-01-09T06:09:25,USR_0052,,,XANH_TRIP_4652,2ddc3c2fbe6358569828b1fa9119ef3f,db_audit_events.csv#DBE_000691
EVD_000002,DB_AUDIT,POSTGRES_DEMO,DBE_001137,2026-01-07T04:14:07,USR_0055,,,XANH_TRIP_9302,be2f0cfc5f95584181605842cba009c2,db_audit_events.csv#DBE_001137
EVD_000003,DB_AUDIT,POSTGRES_DEMO,DBE_000865,2026-01-14T03:07:11,USR_0008,,,XANH_TRIP_9158,9433fba2ae5851d19d6aa68d5d6d7bfd,db_audit_events.csv#DBE_000865
EVD_000004,DB_AUDIT,POSTGRES_DEMO,DBE_001079,2026-01-01T14:43:11,USR_0055,,,,520b68e51100569f89022a779dc2175e,db_audit_events.csv#DBE_001079
EVD_000005,DB_AUDIT,POSTGRES_DEMO,DBE_000127,2026-01-09T21:55:23,USR_0047,,,,ca7e330ef5205982b71429b9e897fea6,db_audit_events.csv#DBE_000127
EVD_000006,DB_AUDIT,POSTGRES_DEMO,DBE_000544,2026-01-04T20:30:08,USR_0048,,,,fe88cee9927c5d7ebf5e7fdb66c08772,db_audit_events.csv#DBE_000544
EVD_000007,DB_AUDIT,POSTGRES_DEMO,DBE_000194,2026-01-09T10:12:15,USR_0057,,,,67615cb2b7685f708d4386770502c25b,db_audit_events.csv#DBE_000194
EVD_000008,DB_AUDIT,POSTGRES_DEMO,DBE_000319,2026-01-12T05:17:56,USR_0008,,,,32625e5776dc5dc0b3a1be70cb95208f,db_audit_events.csv#DBE_000319
EVD_000009,DB_AUDIT,POSTGRES_DEMO,DBE_001047,2026-01-06T22:45:51,USR_0037,,,XANH_TRIP_3566,db5b19c3d6195118b4863d54c4b8c814,db_audit_events.csv#DBE_001047
EVD_000010,DB_AUDIT,POSTGRES_DEMO,DBE_000129,2026-01-02T11:56:46,USR_0026,,,XANH_TRIP_3213,e9344a3c390d5d09b69cbc911fc57311,db_audit_events.csv#DBE_000129
EVD_000011,DB_AUDIT,POSTGRES_DEMO,DBE_000556,2026-01-08T17:12:34,USR_0031,,,XANH_TRIP_1862,4cd14ff19bb356309ed7fdfd11dce129,db_audit_events.csv#DBE_000556
EVD_000012,DB_AUDIT,POSTGRES_DEMO,DBE_000329,2026-01-09T15:39:02,USR_0048,,,XANH_TRIP_1966,228cabb77e78503cb7f231610f52aea2,db_audit_events.csv#DBE_000329
EVD_000013,DB_AUDIT,POSTGRES_DEMO,DBE_000672,2026-01-13T17:01:56,USR_0032,,,,f7e77d6f25d857daa759db1a7affdcb0,db_audit_events.csv#DBE_000672
EVD_000014,DB_AUDIT,POSTGRES_DEMO,DBE_000032,2026-01-01T15:20:16,USR_0022,,,XANH_TRIP_7520,a07cfb51aac758bfbf1c4ffacb9a74bd,db_audit_events.csv#DBE_000032
EVD_000015,DB_AUDIT,POSTGRES_DEMO,DBE_000510,2026-01-13T01:20:49,USR_0047,,,XANH_TRIP_6958,0e7870be78d25a2abe1231f5a34e0b96,db_audit_events.csv#DBE_000510
EVD_000016,DB_AUDIT,POSTGRES_DEMO,DBE_000323,2026-01-02T22:50:53,USR_0024,,,XANH_TRIP_8887,2bf61237f75850eca1f4167015d93fdb,db_audit_events.csv#DBE_000323
EVD_000017,DB_AUDIT,POSTGRES_DEMO,DBE_000527,2026-01-08T15:22:45,USR_0013,,,XANH_TRIP_0365,5e0f10f4db3d5b2283922ec532386bdf,db_audit_events.csv#DBE_000527
EVD_000018,DB_AUDIT,POSTGRES_DEMO,DBE_000827,2026-01-15T06:13:23,USR_0034,,,XANH_TRIP_5452,041f5fd063e15bf8987c6849b15eb767,db_audit_events.csv#DBE_000827
EVD_000019,DB_AUDIT,POSTGRES_DEMO,DBE_000121,2026-01-01T21:03:25,USR_0029,,,,86c00c4b617a53a4877b18415de89558,db_audit_events.csv#DBE_000121
EVD_000020,DB_AUDIT,POSTGRES_DEMO,DBE_001123,2026-01-05T05:55:22,USR_0055,,,XANH_TRIP_9204,fc853253833456b087266624037fbab2,db_audit_events.csv#DBE_001123
EVD_000021,DB_AUDIT,POSTGRES_DEMO,DBE_000744,2026-01-07T00:37:38,USR_0055,,,XANH_TRIP_4374,7305a18dc6ed5b809e9e0285a165a309,db_audit_events.csv#DBE_000744
EVD_000022,DB_AUDIT,POSTGRES_DEMO,DBE_001086,2026-01-09T04:21:31,USR_0038,,,XANH_TRIP_4075,8613d9e665cd5fde8ff471a9af306553,db_audit_events.csv#DBE_001086
EVD_000023,DB_AUDIT,POSTGRES_DEMO,DBE_000374,2026-01-15T12:55:03,USR_0013,,,XANH_TRIP_8505,fe1f6e66d93253bbbc5225340308ecf3,db_audit_events.csv#DBE_000374
EVD_000024,DB_AUDIT,POSTGRES_DEMO,DBE_001003,2026-01-08T22:36:28,USR_0031,,,,6c61bc316aa456f79f682e7834e0e00e,db_audit_events.csv#DBE_001003
EVD_000025,DB_AUDIT,POSTGRES_DEMO,DBE_000363,2026-01-02T22:08:16,USR_0026,,,,6e4c9e24da5650b8ab1598204540d27a,db_audit_events.csv#DBE_000363
EVD_000026,DB_AUDIT,POSTGRES_DEMO,DBE_000733,2026-01-10T11:09:03,USR_0006,,,,fcdde336488a59178ac6c4c4f02076d3,db_audit_events.csv#DBE_000733
EVD_000027,DB_AUDIT,POSTGRES_DEMO,DBE_000847,2026-01-06T14:54:09,USR_0029,,,,f24ea35e01f55c61975c49ba38a7454d,db_audit_events.csv#DBE_000847
EVD_000028,DB_AUDIT,POSTGRES_DEMO,DBE_000226,2026-01-11T17:24:15,USR_0021,,,XANH_TRIP_0221,3e8ec2ed4d795b75b83ad5f3bb4b3af1,db_audit_events.csv#DBE_000226
EVD_000029,DB_AUDIT,POSTGRES_DEMO,DBE_000288,2026-01-02T01:31:45,USR_0030,,,XANH_TRIP_3944,0a4c95304e9551598b5b46e9d19f22c4,db_audit_events.csv#DBE_000288
EVD_000030,DB_AUDIT,POSTGRES_DEMO,DBE_000166,2026-01-01T13:47:29,USR_0043,,,,cd30ab4649ce54548e4db4842169ee63,db_audit_events.csv#DBE_000166
EVD_000031,DB_AUDIT,POSTGRES_DEMO,DBE_000176,2026-01-02T04:25:04,USR_0046,,,XANH_TRIP_8546,0823bb2367fc5254bc2dd52043c2448d,db_audit_events.csv#DBE_000176
EVD_000032,DB_AUDIT,POSTGRES_DEMO,DBE_000812,2026-01-11T17:40:58,USR_0053,,,XANH_TRIP_2167,57e220902f3e5b5687c246dcddff98e3,db_audit_events.csv#DBE_000812
EVD_000033,DB_AUDIT,POSTGRES_DEMO,DBE_000491,2026-01-06T21:03:01,USR_0003,,,XANH_TRIP_3141,a74e73cbcc525e16bfff8a8c01a6d733,db_audit_events.csv#DBE_000491
EVD_000034,DB_AUDIT,POSTGRES_DEMO,DBE_000182,2026-01-11T17:55:04,USR_0052,,,,c3f485de385f5956baee4e176bd305cc,db_audit_events.csv#DBE_000182
EVD_000035,DB_AUDIT,POSTGRES_DEMO,DBE_000995,2026-01-06T08:21:31,USR_0010,,,XANH_TRIP_8209,b469eff08c89519c87817dbdc269e7be,db_audit_events.csv#DBE_000995
EVD_000036,DB_AUDIT,POSTGRES_DEMO,DBE_001138,2026-01-05T00:09:22,USR_0040,,,,e7bbe9b0a1dd539bb5c63f4ed234e02e,db_audit_events.csv#DBE_001138
EVD_000037,DB_AUDIT,POSTGRES_DEMO,DBE_000259,2026-01-10T12:27:22,USR_0042,,,XANH_TRIP_4890,db036305323d5913a9908113b06a8de6,db_audit_events.csv#DBE_000259
EVD_000038,DB_AUDIT,POSTGRES_DEMO,DBE_000218,2026-01-13T15:38:50,USR_0032,,,XANH_TRIP_6265,6c693093ce685710b27ec6c018998212,db_audit_events.csv#DBE_000218
EVD_000039,DB_AUDIT,POSTGRES_DEMO,DBE_000575,2026-01-10T22:18:30,USR_0026,,,XANH_TRIP_3495,86318d55f54d5ccd8d3a8a32341d5946,db_audit_events.csv#DBE_000575
EVD_000040,DB_AUDIT,POSTGRES_DEMO,DBE_001155,2026-01-04T15:41:13,USR_0007,,,,549b2cd7f2fb5ac69179afed2b3f202d,db_audit_events.csv#DBE_001155
EVD_000041,DB_AUDIT,POSTGRES_DEMO,DBE_000550,2026-01-04T06:38:00,USR_0048,,,XANH_TRIP_3187,08b355eaf4a95cbd88e8f20310b08f34,db_audit_events.csv#DBE_000550
EVD_000042,DB_AUDIT,POSTGRES_DEMO,DBE_000992,2026-01-11T06:17:41,USR_0025,,,,a504cb15f78e55fbb74e12d52e73ee6c,db_audit_events.csv#DBE_000992
EVD_000043,DB_AUDIT,POSTGRES_DEMO,DBE_000464,2026-01-03T21:10:40,USR_0001,,,XANH_TRIP_5336,ba75459b3ee259589bce187b3a5c4072,db_audit_events.csv#DBE_000464
EVD_000044,DB_AUDIT,POSTGRES_DEMO,DBE_000753,2026-01-11T08:31:22,USR_0053,,,XANH_TRIP_0055,c34dadb52a815d0f927d5760fd9c4569,db_audit_events.csv#DBE_000753
EVD_000045,DB_AUDIT,POSTGRES_DEMO,DBE_001067,2026-01-13T10:04:35,USR_0041,,,XANH_TRIP_2015,d58be0d0b22254c98255058af15fed2b,db_audit_events.csv#DBE_001067
EVD_000046,DB_AUDIT,POSTGRES_DEMO,DBE_000537,2026-01-07T02:08:50,USR_0020,,,XANH_TRIP_1374,27a8da9d20cb5e0da1fbd970bbff48b6,db_audit_events.csv#DBE_000537
EVD_000047,DB_AUDIT,POSTGRES_DEMO,DBE_001115,2026-01-02T04:52:53,USR_0032,,,,cf66fccdbb4f5d3d9ca240debf619b28,db_audit_events.csv#DBE_001115
EVD_000048,DB_AUDIT,POSTGRES_DEMO,DBE_000933,2026-01-09T01:55:35,USR_0040,,,,b311a088d7a05fb4a95e78864d12397c,db_audit_events.csv#DBE_000933
EVD_000049,DB_AUDIT,POSTGRES_DEMO,DBE_000716,2026-01-05T08:08:14,USR_0047,,,,9a2fac1afc8f5556a18c2f14b8dfd1e7,db_audit_events.csv#DBE_000716
EVD_000050,DB_AUDIT,POSTGRES_DEMO,DBE_000656,2026-01-11T21:10:14,USR_0051,,,,0ed8a9b61b1358ee8462be9d918c931f,db_audit_events.csv#DBE_000656
EVD_000051,DB_AUDIT,POSTGRES_DEMO,DBE_000683,2026-01-10T06:12:52,USR_0026,,,XANH_TRIP_6988,b4b6a2c3f89850e0a47d2b10c6ad730f,db_audit_events.csv#DBE_000683
EVD_000052,DB_AUDIT,POSTGRES_DEMO,DBE_000438,2026-01-08T02:24:43,USR_0055,,,,daab29837bc05b53928ccd9739b3b6f7,db_audit_events.csv#DBE_000438
EVD_000053,DB_AUDIT,POSTGRES_DEMO,DBE_000883,2026-01-06T04:32:04,USR_0050,,,,5fda0fc1eab1534591ee6b34310f6778,db_audit_events.csv#DBE_000883
EVD_000054,DB_AUDIT,POSTGRES_DEMO,DBE_000971,2026-01-08T19:11:05,USR_0028,,,XANH_TRIP_3605,c8a0ccdabcf95bfbbecd708d0a94fde5,db_audit_events.csv#DBE_000971
EVD_000055,DB_AUDIT,POSTGRES_DEMO,DBE_000384,2026-01-01T18:00:52,USR_0059,,,,222aa22fb3335e58a3f49f80c952ca19,db_audit_events.csv#DBE_000384
EVD_000056,DB_AUDIT,POSTGRES_DEMO,DBE_000831,2026-01-06T22:12:23,USR_0002,,,XANH_TRIP_0595,271fbbf7d643592bb8b7c650c76acdaf,db_audit_events.csv#DBE_000831
EVD_000057,DB_AUDIT,POSTGRES_DEMO,DBE_000699,2026-01-04T10:34:38,USR_0033,,,,538b1a96a39d5437a64ea223d7a7020c,db_audit_events.csv#DBE_000699
EVD_000058,DB_AUDIT,POSTGRES_DEMO,DBE_000990,2026-01-15T11:29:33,USR_0054,,,XANH_TRIP_8321,3e590f3628f8538d8acabcf0cab72655,db_audit_events.csv#DBE_000990
EVD_000059,DB_AUDIT,POSTGRES_DEMO,DBE_001056,2026-01-02T07:34:18,USR_0043,,,XANH_TRIP_2212,2eba3683057f5319b5d07145aefe3b88,db_audit_events.csv#DBE_001056
EVD_000060,DB_AUDIT,POSTGRES_DEMO,DBE_000377,2026-01-14T01:52:04,USR_0006,,,,70e9c80377b95d2f8a9aca6251fb4df8,db_audit_events.csv#DBE_000377
EVD_000061,DB_AUDIT,POSTGRES_DEMO,DBE_000233,2026-01-01T13:33:18,USR_0039,,,,ae12b843567e5c2a8571b4bd8af27faf,db_audit_events.csv#DBE_000233
EVD_000062,DB_AUDIT,POSTGRES_DEMO,DBE_000108,2026-01-07T21:18:06,USR_0029,,,XANH_TRIP_4561,3bc7f9d46ef350aba095e28fc3f9b6a6,db_audit_events.csv#DBE_000108
EVD_000063,DB_AUDIT,POSTGRES_DEMO,DBE_000936,2026-01-14T11:02:54,USR_0008,,,,368446c120cc559eab5356a0e700e695,db_audit_events.csv#DBE_000936
EVD_000064,DB_AUDIT,POSTGRES_DEMO,DBE_000884,2026-01-04T22:46:55,USR_0048,,,XANH_TRIP_10168,e2afdee48fea50b984e19a942237c7d5,db_audit_events.csv#DBE_000884
EVD_000065,DB_AUDIT,POSTGRES_DEMO,DBE_000754,2026-01-11T22:53:36,USR_0001,,,XANH_TRIP_9465,f84abbc1750a5066830798beb2789c7b,db_audit_events.csv#DBE_000754
EVD_000066,DB_AUDIT,POSTGRES_DEMO,DBE_000138,2026-01-04T05:09:39,USR_0030,,,XANH_TRIP_5917,15144948abea5b9f8a4009b82a5bcdea,db_audit_events.csv#DBE_000138
EVD_000067,DB_AUDIT,POSTGRES_DEMO,DBE_001150,2026-01-02T00:17:46,USR_0053,,,,6c2824bb39e35bd7820afef1cd3a4a0f,db_audit_events.csv#DBE_001150
EVD_000068,DB_AUDIT,POSTGRES_DEMO,DBE_001194,2026-01-08T07:27:18,USR_0008,,,XANH_TRIP_7119,81a6c5fd38765a2d8d3c40933554ad86,db_audit_events.csv#DBE_001194
EVD_000069,DB_AUDIT,POSTGRES_DEMO,DBE_000184,2026-01-09T19:53:42,USR_0028,,,XANH_TRIP_8818,c533aeacd51b5375b1dd60c447f761b9,db_audit_events.csv#DBE_000184
EVD_000070,DB_AUDIT,POSTGRES_DEMO,DBE_000897,2026-01-02T05:16:54,USR_0047,,,XANH_TRIP_0803,3d527fbe35c15ecda1122d9a6dd82bfe,db_audit_events.csv#DBE_000897
EVD_000071,DB_AUDIT,POSTGRES_DEMO,DBE_000978,2026-01-11T16:43:23,USR_0054,,,,e45c70baba32511d8a8d23cec0c6d946,db_audit_events.csv#DBE_000978
EVD_000072,DB_AUDIT,POSTGRES_DEMO,DBE_000408,2026-01-03T13:12:15,USR_0012,,,,9db49c36ad7d569985c74ef893f192cf,db_audit_events.csv#DBE_000408
EVD_000073,DB_AUDIT,POSTGRES_DEMO,DBE_000953,2026-01-02T19:49:26,USR_0055,,,XANH_TRIP_8151,6acbe0a282ba54a9b5e5cde518b98dd0,db_audit_events.csv#DBE_000953
EVD_000074,DB_AUDIT,POSTGRES_DEMO,DBE_001023,2026-01-15T08:50:02,USR_0042,,,XANH_TRIP_3732,bb6061efae9b5cca85d98bb9bbb23cea,db_audit_events.csv#DBE_001023
EVD_000075,DB_AUDIT,POSTGRES_DEMO,DBE_001112,2026-01-11T21:56:40,USR_0004,,,XANH_TRIP_2821,f0f8702c6bbe5ee0ac21dc46519e7f0a,db_audit_events.csv#DBE_001112
EVD_000076,DB_AUDIT,POSTGRES_DEMO,DBE_000474,2026-01-12T16:33:45,USR_0059,,,,506557c1260b5ffda7262146eeaf0221,db_audit_events.csv#DBE_000474
EVD_000077,DB_AUDIT,POSTGRES_DEMO,DBE_000437,2026-01-09T15:56:56,USR_0007,,,,d81a9014517059d1b298288716414dcb,db_audit_events.csv#DBE_000437
EVD_000078,DB_AUDIT,POSTGRES_DEMO,DBE_000231,2026-01-09T06:14:20,USR_0023,,,XANH_TRIP_6148,078abb5019c7536f8530fadfa63690cc,db_audit_events.csv#DBE_000231
EVD_000079,DB_AUDIT,POSTGRES_DEMO,DBE_000734,2026-01-06T16:57:16,USR_0045,,,XANH_TRIP_8183,53a02cb4a1ff5044b14c051025891190,db_audit_events.csv#DBE_000734
EVD_000080,DB_AUDIT,POSTGRES_DEMO,DBE_001187,2026-01-06T01:15:39,USR_0035,,,,34504aa8c0e2593f99298ab4dd8c6be4,db_audit_events.csv#DBE_001187
EVD_000081,DB_AUDIT,POSTGRES_DEMO,DBE_001098,2026-01-01T15:08:53,USR_0054,,,,423eeeabd6855ccebd25a40180428935,db_audit_events.csv#DBE_001098
EVD_000082,DB_AUDIT,POSTGRES_DEMO,DBE_000109,2026-01-12T10:19:04,USR_0049,,,,b36b2a7c01f55041af7d2ad2f560a47f,db_audit_events.csv#DBE_000109
EVD_000083,DB_AUDIT,POSTGRES_DEMO,DBE_000668,2026-01-12T12:25:44,USR_0020,,,,72b5a4dc0e485dd183a4612f7c4a8d6f,db_audit_events.csv#DBE_000668
EVD_000084,DB_AUDIT,POSTGRES_DEMO,DBE_000302,2026-01-04T16:24:26,USR_0019,,,XANH_TRIP_2365,5b4451f63c2f526a9857d9c5c56c5ed0,db_audit_events.csv#DBE_000302
EVD_000085,DB_AUDIT,POSTGRES_DEMO,DBE_000038,2026-01-10T20:22:33,USR_0043,,,XANH_TRIP_5308,263dcbfcac8650e49d7f26e992bd54e0,db_audit_events.csv#DBE_000038
EVD_000086,DB_AUDIT,POSTGRES_DEMO,DBE_000882,2026-01-13T19:12:18,USR_0060,,,,a6dbf7f8a68e5b1fbcd395516a170d8d,db_audit_events.csv#DBE_000882
EVD_000087,DB_AUDIT,POSTGRES_DEMO,DBE_000001,2026-01-01T10:36:37,USR_0037,,,XANH_TRIP_7012,d42e16d09ebe58848092013bf0749937,db_audit_events.csv#DBE_000001
EVD_000088,DB_AUDIT,POSTGRES_DEMO,DBE_000406,2026-01-04T08:47:33,USR_0007,,,,78773c2616f85f3e99dd80c67fd0e745,db_audit_events.csv#DBE_000406
EVD_000089,DB_AUDIT,POSTGRES_DEMO,DBE_000750,2026-01-10T03:19:27,USR_0001,,,,d0b4450bc35556619600ed21523b793b,db_audit_events.csv#DBE_000750
EVD_000090,DB_AUDIT,POSTGRES_DEMO,DBE_000493,2026-01-03T07:35:07,USR_0030,,,XANH_TRIP_8014,afb53bdfc7e55323b7bf87ebfbe325b7,db_audit_events.csv#DBE_000493
EVD_000091,DB_AUDIT,POSTGRES_DEMO,DBE_000039,2026-01-09T15:34:08,USR_0039,,,XANH_TRIP_2888,7b43dcaf6c9b5b10a38c1f1dd28faf51,db_audit_events.csv#DBE_000039
EVD_000092,DB_AUDIT,POSTGRES_DEMO,DBE_000756,2026-01-03T01:59:16,USR_0030,,,XANH_TRIP_6440,cfabc8a3f151554eba8cdbbd17b312d8,db_audit_events.csv#DBE_000756
EVD_000093,DB_AUDIT,POSTGRES_DEMO,DBE_000239,2026-01-06T09:46:27,USR_0003,,,XANH_TRIP_2309,080c14c8245759aaac29401a678a0f90,db_audit_events.csv#DBE_000239
EVD_000094,DB_AUDIT,POSTGRES_DEMO,DBE_000665,2026-01-09T04:40:10,USR_0028,,,,47d0138927c35a7eb8b01b980f613fe1,db_audit_events.csv#DBE_000665
EVD_000095,DB_AUDIT,POSTGRES_DEMO,DBE_000786,2026-01-03T05:04:31,USR_0003,,,,cf0f204945e6596785600a519896b8a3,db_audit_events.csv#DBE_000786
EVD_000096,DB_AUDIT,POSTGRES_DEMO,DBE_001090,2026-01-12T07:00:17,USR_0060,,,,e6e9c0fe24bc50eab843731639751db1,db_audit_events.csv#DBE_001090
EVD_000097,DB_AUDIT,POSTGRES_DEMO,DBE_001143,2026-01-14T09:01:33,USR_0043,,,XANH_TRIP_9233,95bac8ffb9ea599aa9dcd2c50df35b26,db_audit_events.csv#DBE_001143
EVD_000098,DB_AUDIT,POSTGRES_DEMO,DBE_000178,2026-01-10T17:55:53,USR_0024,,,XANH_TRIP_7160,66485850f1285b218510cdd17c1e3350,db_audit_events.csv#DBE_000178
EVD_000099,DB_AUDIT,POSTGRES_DEMO,DBE_001146,2026-01-12T03:42:23,USR_0041,,,XANH_TRIP_8661,d6f5eab553d45f72ba5142bb1fecc57f,db_audit_events.csv#DBE_001146
EVD_000100,DB_AUDIT,POSTGRES_DEMO,DBE_000959,2026-01-06T06:29:29,USR_0003,,,,b3ac8140cd7c5c1ab390fe7f72f7c375,db_audit_events.csv#DBE_000959
EVD_000101,DB_AUDIT,POSTGRES_DEMO,DBE_000693,2026-01-03T20:28:11,USR_0010,,,XANH_TRIP_4947,c1d8ee1f959d586eb15e9dfc5c5d1224,db_audit_events.csv#DBE_000693
EVD_000102,DB_AUDIT,POSTGRES_DEMO,DBE_000159,2026-01-12T21:34:07,USR_0040,,,,68101e75f202527ea41e4310f3364544,db_audit_events.csv#DBE_000159
EVD_000103,DB_AUDIT,POSTGRES_DEMO,DBE_001149,2026-01-01T12:46:30,USR_0053,,,,676ba4285fb5509fac330d8d7f8038c1,db_audit_events.csv#DBE_001149
EVD_000104,DB_AUDIT,POSTGRES_DEMO,DBE_001156,2026-01-09T03:09:20,USR_0037,,,XANH_TRIP_8466,5bcf0eb6ef745a8a9f047e8684a6bd41,db_audit_events.csv#DBE_001156
EVD_000105,DB_AUDIT,POSTGRES_DEMO,DBE_000455,2026-01-03T03:07:30,USR_0024,,,XANH_TRIP_8078,68b7bd25f2545c1baf27676adf1e813c,db_audit_events.csv#DBE_000455
EVD_000106,DB_AUDIT,POSTGRES_DEMO,DBE_000614,2026-01-06T13:32:20,USR_0010,,,XANH_TRIP_1238,962554070d775efc9069223bb18102fc,db_audit_events.csv#DBE_000614
EVD_000107,DB_AUDIT,POSTGRES_DEMO,DBE_000728,2026-01-13T11:38:09,USR_0006,,,XANH_TRIP_3723,c6db06c9c50e529f960c007b7d20eec3,db_audit_events.csv#DBE_000728
EVD_000108,DB_AUDIT,POSTGRES_DEMO,DBE_000337,2026-01-09T23:27:17,USR_0011,,,,d173e32a67a0513a9120d3165d0d9a7c,db_audit_events.csv#DBE_000337
EVD_000109,DB_AUDIT,POSTGRES_DEMO,DBE_001170,2026-01-15T10:56:41,USR_0051,,,XANH_TRIP_7579,57c5c55ffe5c5d47a17abdc00475324a,db_audit_events.csv#DBE_001170
EVD_000110,DB_AUDIT,POSTGRES_DEMO,DBE_000421,2026-01-03T04:32:05,USR_0012,,,XANH_TRIP_1737,5a5fabf210a450c38fdcdd62a050fd4a,db_audit_events.csv#DBE_000421
EVD_000111,DB_AUDIT,POSTGRES_DEMO,DBE_000651,2026-01-02T09:51:43,USR_0022,,,,8c913f37d5c753378a0e8ecb0c52ac39,db_audit_events.csv#DBE_000651
EVD_000112,DB_AUDIT,POSTGRES_DEMO,DBE_000726,2026-01-11T03:31:27,USR_0017,,,,0bbac0499f9550ea9dd7e6e09df7b1bb,db_audit_events.csv#DBE_000726
EVD_000113,DB_AUDIT,POSTGRES_DEMO,DBE_000633,2026-01-15T06:40:52,USR_0029,,,XANH_TRIP_1439,2e6a4e69001756ebbd89d198b2f1110d,db_audit_events.csv#DBE_000633
EVD_000114,DB_AUDIT,POSTGRES_DEMO,DBE_001180,2026-01-07T15:25:26,USR_0028,,,,e3b8f5ec893d56359c616fdf2fc0e437,db_audit_events.csv#DBE_001180
EVD_000115,DB_AUDIT,POSTGRES_DEMO,DBE_000782,2026-01-13T13:33:54,USR_0028,,,XANH_TRIP_4395,6bfedabb90d658c4b498a02d769fad6f,db_audit_events.csv#DBE_000782
EVD_000116,DB_AUDIT,POSTGRES_DEMO,DBE_000985,2026-01-01T13:39:06,USR_0060,,,,6817061102df527c9ee330a08e58aac9,db_audit_events.csv#DBE_000985
EVD_000117,DB_AUDIT,POSTGRES_DEMO,DBE_000405,2026-01-04T12:07:39,USR_0020,,,,f7768856ac6e574da45066ea3bd4478b,db_audit_events.csv#DBE_000405
EVD_000118,DB_AUDIT,POSTGRES_DEMO,DBE_000272,2026-01-01T16:11:18,USR_0019,,,XANH_TRIP_8443,0c72fe31933c5562add96388e81dda86,db_audit_events.csv#DBE_000272
EVD_000119,DB_AUDIT,POSTGRES_DEMO,DBE_000600,2026-01-10T07:31:53,USR_0042,,,XANH_TRIP_9189,7745c6a7a4b75853bd0deb35d385564f,db_audit_events.csv#DBE_000600
EVD_000120,DB_AUDIT,POSTGRES_DEMO,DBE_000818,2026-01-01T11:02:46,USR_0049,,,XANH_TRIP_9051,1a637e24e7a351bbb2112e43b3d30502,db_audit_events.csv#DBE_000818
EVD_000121,DB_AUDIT,POSTGRES_DEMO,DBE_000235,2026-01-10T14:16:16,USR_0051,,,XANH_TRIP_8258,8d36824b0eeb5d388cc0dbc4a4d91c27,db_audit_events.csv#DBE_000235
EVD_000122,DB_AUDIT,POSTGRES_DEMO,DBE_000972,2026-01-10T01:59:49,USR_0004,,,XANH_TRIP_2114,8d27fcf1b89a53e68fc459dfa82c4685,db_audit_events.csv#DBE_000972
EVD_000123,DB_AUDIT,POSTGRES_DEMO,DBE_000126,2026-01-01T06:05:33,USR_0008,,,,37ce838dbe085724b7247b9887a19e86,db_audit_events.csv#DBE_000126
EVD_000124,DB_AUDIT,POSTGRES_DEMO,DBE_000595,2026-01-02T07:07:56,USR_0008,,,,c720278473d953b49f10396345c5c3f6,db_audit_events.csv#DBE_000595
EVD_000125,DB_AUDIT,POSTGRES_DEMO,DBE_001181,2026-01-14T06:32:33,USR_0050,,,XANH_TRIP_0767,f138fe8f70915ddfbad328089f9112c8,db_audit_events.csv#DBE_001181
EVD_000126,DB_AUDIT,POSTGRES_DEMO,DBE_000918,2026-01-05T07:49:30,USR_0017,,,XANH_TRIP_1621,a6c7833c88cc5559b0ff817ef210e12e,db_audit_events.csv#DBE_000918
EVD_000127,DB_AUDIT,POSTGRES_DEMO,DBE_000164,2026-01-13T22:57:19,USR_0019,,,XANH_TRIP_6627,ec40aec0705b51bf856033a36e94d83f,db_audit_events.csv#DBE_000164
EVD_000128,DB_AUDIT,POSTGRES_DEMO,DBE_000626,2026-01-05T07:02:45,USR_0029,,,,cacce5b1248d57aaaa87d41cf9745114,db_audit_events.csv#DBE_000626
EVD_000129,DB_AUDIT,POSTGRES_DEMO,DBE_000440,2026-01-02T16:12:50,USR_0046,,,,3bb7d8085bff5cc19e4cbe37b8554a38,db_audit_events.csv#DBE_000440
EVD_000130,DB_AUDIT,POSTGRES_DEMO,DBE_000795,2026-01-02T11:41:40,USR_0022,,,,ad2e70d2893f53ef895aac1f42196bbf,db_audit_events.csv#DBE_000795
EVD_000131,DB_AUDIT,POSTGRES_DEMO,DBE_000112,2026-01-03T01:01:11,USR_0013,,,XANH_TRIP_3156,66aaab16a11e50b6bd3b5f3ea50e5b97,db_audit_events.csv#DBE_000112
EVD_000132,DB_AUDIT,POSTGRES_DEMO,DBE_000358,2026-01-08T06:49:01,USR_0022,,,,ef2f41dcca4b5d21bd505af9ce33dbab,db_audit_events.csv#DBE_000358
EVD_000133,DB_AUDIT,POSTGRES_DEMO,DBE_000083,2026-01-09T08:11:43,USR_0024,,,,72f14473a8255738b63a89406fbd2cf2,db_audit_events.csv#DBE_000083
EVD_000134,DB_AUDIT,POSTGRES_DEMO,DBE_000840,2026-01-02T04:42:03,USR_0007,,,,a6c2aa06b2695fa1a5d782e8420cdf8c,db_audit_events.csv#DBE_000840
EVD_000135,DB_AUDIT,POSTGRES_DEMO,DBE_000304,2026-01-14T00:56:04,USR_0048,,,,8cf9f66406585f0fb7491958c51c98b4,db_audit_events.csv#DBE_000304
EVD_000136,DB_AUDIT,POSTGRES_DEMO,DBE_000101,2026-01-03T13:23:14,USR_0033,,,XANH_TRIP_4581,a5e4e35e646b545cab3075a237833212,db_audit_events.csv#DBE_000101
EVD_000137,DB_AUDIT,POSTGRES_DEMO,DBE_001140,2026-01-15T10:18:28,USR_0003,,,,33bdb506067d55f9ba47f920f31c30dc,db_audit_events.csv#DBE_001140
EVD_000138,DB_AUDIT,POSTGRES_DEMO,DBE_000563,2026-01-03T17:06:54,USR_0026,,,XANH_TRIP_7157,2019bdcc0fab5333ae1e287f7e4e987c,db_audit_events.csv#DBE_000563
EVD_000139,DB_AUDIT,POSTGRES_DEMO,DBE_000361,2026-01-10T09:07:33,USR_0041,,,XANH_TRIP_7116,277f2aa82bbb52a1aeb624b8d7523e20,db_audit_events.csv#DBE_000361
EVD_000140,DB_AUDIT,POSTGRES_DEMO,DBE_000871,2026-01-11T11:55:39,USR_0025,,,,b42ca9a6520e5945bc701089339747f4,db_audit_events.csv#DBE_000871
EVD_000141,DB_AUDIT,POSTGRES_DEMO,DBE_000423,2026-01-13T04:26:30,USR_0055,,,XANH_TRIP_4977,2f177a8265d355eeaf3e2b3475ac7eaf,db_audit_events.csv#DBE_000423
EVD_000142,DB_AUDIT,POSTGRES_DEMO,DBE_000606,2026-01-02T03:30:42,USR_0008,,,,de918b61bc6552e993bbd6fb1848c0a7,db_audit_events.csv#DBE_000606
EVD_000143,DB_AUDIT,POSTGRES_DEMO,DBE_000566,2026-01-03T14:54:24,USR_0049,,,,25ef539894495d5d916d25785fc96eb7,db_audit_events.csv#DBE_000566
EVD_000144,DB_AUDIT,POSTGRES_DEMO,DBE_000450,2026-01-02T15:24:26,USR_0045,,,,da6fa3b16ef557aa9e057ebdde17abc0,db_audit_events.csv#DBE_000450
EVD_000145,DB_AUDIT,POSTGRES_DEMO,DBE_000625,2026-01-10T23:41:50,USR_0057,,,XANH_TRIP_8102,1b6e64d4445856ffa7f8b67aff87b42f,db_audit_events.csv#DBE_000625
EVD_000146,DB_AUDIT,POSTGRES_DEMO,DBE_000874,2026-01-09T05:25:28,USR_0047,,,,22c24f2018305bb2aa98220a17bec1dd,db_audit_events.csv#DBE_000874
EVD_000147,DB_AUDIT,POSTGRES_DEMO,DBE_000805,2026-01-09T04:18:34,USR_0017,,,,a3b28a1195df5d219b05cf25df7339e6,db_audit_events.csv#DBE_000805
EVD_000148,DB_AUDIT,POSTGRES_DEMO,DBE_000697,2026-01-13T05:55:15,USR_0007,,,XANH_TRIP_10019,1b8a89dfb3225b668a4fbe723b35b081,db_audit_events.csv#DBE_000697
EVD_000149,DB_AUDIT,POSTGRES_DEMO,DBE_000634,2026-01-15T06:42:44,USR_0006,,,,eb7fa44806d655b2b4bdff2d217ac3bd,db_audit_events.csv#DBE_000634
EVD_000150,DB_AUDIT,POSTGRES_DEMO,DBE_000640,2026-01-04T00:58:07,USR_0046,,,XANH_TRIP_0942,51ff277ecfad5e0ca45a06e426080752,db_audit_events.csv#DBE_000640
EVD_000151,DB_AUDIT,POSTGRES_DEMO,DBE_000453,2026-01-14T03:55:50,USR_0001,,,,3050fffee2c05f21a73775c48157811c,db_audit_events.csv#DBE_000453
EVD_000152,DB_AUDIT,POSTGRES_DEMO,DBE_000679,2026-01-13T05:15:41,USR_0011,,,,21c4a07e0f375ed4a595034ce39607d3,db_audit_events.csv#DBE_000679
EVD_000153,DB_AUDIT,POSTGRES_DEMO,DBE_000784,2026-01-11T16:03:08,USR_0060,,,XANH_TRIP_8016,c4bc6239d9d3584cad801a7d36209cbf,db_audit_events.csv#DBE_000784
EVD_000154,DB_AUDIT,POSTGRES_DEMO,DBE_001031,2026-01-13T16:24:38,USR_0012,,,XANH_TRIP_7175,3a81938b50c75c5fa4da4027eabafcee,db_audit_events.csv#DBE_001031
EVD_000155,DB_AUDIT,POSTGRES_DEMO,DBE_000477,2026-01-08T16:39:56,USR_0022,,,,564ab8ca8a5853209ce57dc701cfd707,db_audit_events.csv#DBE_000477
EVD_000156,DB_AUDIT,POSTGRES_DEMO,DBE_000264,2026-01-14T12:34:22,USR_0042,,,,44f155851750557a893b6bb733046b1b,db_audit_events.csv#DBE_000264
EVD_000157,DB_AUDIT,POSTGRES_DEMO,DBE_000386,2026-01-06T09:09:40,USR_0031,,,XANH_TRIP_3988,4222a6ac113955038ab87dd8e0706869,db_audit_events.csv#DBE_000386
EVD_000158,DB_AUDIT,POSTGRES_DEMO,DBE_000181,2026-01-14T08:31:39,USR_0003,,,XANH_TRIP_2514,9e1d1fe1d8af56589b43c262b9f16e93,db_audit_events.csv#DBE_000181
EVD_000159,DB_AUDIT,POSTGRES_DEMO,DBE_000912,2026-01-11T04:38:09,USR_0025,,,,edc286b177425ec5ab386d2af45af9a9,db_audit_events.csv#DBE_000912
EVD_000160,DB_AUDIT,POSTGRES_DEMO,DBE_000484,2026-01-10T22:30:54,USR_0053,,,XANH_TRIP_6104,0bd77408ee385fdfbd81ef490a19d905,db_audit_events.csv#DBE_000484
EVD_000161,DB_AUDIT,POSTGRES_DEMO,DBE_000536,2026-01-09T05:08:02,USR_0033,,,,f32b936fbd655136a08f49e16c3b5278,db_audit_events.csv#DBE_000536
EVD_000162,DB_AUDIT,POSTGRES_DEMO,DBE_001169,2026-01-08T02:28:51,USR_0013,,,,ab3793bfe06c502aa4c28e8a453941cb,db_audit_events.csv#DBE_001169
EVD_000163,DB_AUDIT,POSTGRES_DEMO,DBE_000591,2026-01-01T22:08:41,USR_0056,,,,e4bd0782d15b5caabf07b333e63684d5,db_audit_events.csv#DBE_000591
EVD_000164,DB_AUDIT,POSTGRES_DEMO,DBE_001058,2026-01-07T05:12:52,USR_0032,,,XANH_TRIP_5679,ab2238e9dc425e1cb78a0ad626ccbb30,db_audit_events.csv#DBE_001058
EVD_000165,DB_AUDIT,POSTGRES_DEMO,DBE_000085,2026-01-11T15:38:11,USR_0048,,,XANH_TRIP_4706,11a69a9064b757259dbfd2f022dc576b,db_audit_events.csv#DBE_000085
EVD_000166,DB_AUDIT,POSTGRES_DEMO,DBE_000256,2026-01-06T06:28:33,USR_0038,,,XANH_TRIP_9593,b8ff513ef6755c4ebb7d5c11b6666c3a,db_audit_events.csv#DBE_000256
EVD_000167,DB_AUDIT,POSTGRES_DEMO,DBE_000346,2026-01-04T16:57:59,USR_0052,,,,f73a74305a40514384f87c1546e0d3e7,db_audit_events.csv#DBE_000346
EVD_000168,DB_AUDIT,POSTGRES_DEMO,DBE_000525,2026-01-08T02:19:41,USR_0004,,,,bd9103d30e2c5d87b3daaa8d39641d31,db_audit_events.csv#DBE_000525
EVD_000169,DB_AUDIT,POSTGRES_DEMO,DBE_000221,2026-01-13T13:25:10,USR_0010,,,,f107baf0c48454eba4d5b258be820c0f,db_audit_events.csv#DBE_000221
EVD_000170,DB_AUDIT,POSTGRES_DEMO,DBE_000214,2026-01-04T04:14:45,USR_0015,,,,32e696b886b257f38c3ba375e0a7435d,db_audit_events.csv#DBE_000214
EVD_000171,DB_AUDIT,POSTGRES_DEMO,DBE_000158,2026-01-13T09:49:27,USR_0021,,,XANH_TRIP_0769,5818a68f474b51b193101eac710a30df,db_audit_events.csv#DBE_000158
EVD_000172,DB_AUDIT,POSTGRES_DEMO,DBE_000947,2026-01-12T07:07:29,USR_0012,,,XANH_TRIP_4064,14aff16449a1548eacd5420601169b07,db_audit_events.csv#DBE_000947
EVD_000173,DB_AUDIT,POSTGRES_DEMO,DBE_000903,2026-01-10T13:43:28,USR_0029,,,,e824369dc01b539bb6400a9c0193db49,db_audit_events.csv#DBE_000903
EVD_000174,DB_AUDIT,POSTGRES_DEMO,DBE_000658,2026-01-04T08:11:27,USR_0026,,,,12f9b1669d0457468cff8244fc168435,db_audit_events.csv#DBE_000658
EVD_000175,DB_AUDIT,POSTGRES_DEMO,DBE_000277,2026-01-06T06:25:04,USR_0020,,,XANH_TRIP_3426,8c9c4d5a216e59e0975879ba5e514de4,db_audit_events.csv#DBE_000277
EVD_000176,DB_AUDIT,POSTGRES_DEMO,DBE_001012,2026-01-05T22:23:01,USR_0022,,,XANH_TRIP_8901,37c09921db105b4684201cdb0cd56d74,db_audit_events.csv#DBE_001012
EVD_000177,DB_AUDIT,POSTGRES_DEMO,DBE_000986,2026-01-08T18:52:55,USR_0022,,,XANH_TRIP_1852,420422fc7c72571c87a24a756af618f6,db_audit_events.csv#DBE_000986
EVD_000178,DB_AUDIT,POSTGRES_DEMO,DBE_000087,2026-01-07T00:17:59,USR_0025,,,,1e2913df4a25514aa10ce5a572b4efb4,db_audit_events.csv#DBE_000087
EVD_000179,DB_AUDIT,POSTGRES_DEMO,DBE_001125,2026-01-11T10:39:05,USR_0030,,,XANH_TRIP_8697,128927f5f2ef530aabfdb08ed9bf2aa2,db_audit_events.csv#DBE_001125
EVD_000180,DB_AUDIT,POSTGRES_DEMO,DBE_001096,2026-01-04T10:21:43,USR_0007,,,,ddc1febb97755ad9886ed12ec1ffc145,db_audit_events.csv#DBE_001096
EVD_000181,EXPORT,EXPORT_EVENTS,EXP_00030,2026-01-06T21:32:14,USR_0052,ARQ_00061,,XANH_TRIP_10132,98140e24ff1359a19b54e1e4d1e26114,export_events.csv#EXP_00030
EVD_000182,EXPORT,EXPORT_EVENTS,EXP_00077,2026-01-04T18:52:38,USR_0048,,,,1476832bf05758ada54eef8ccffb76f0,export_events.csv#EXP_00077
EVD_000183,EXPORT,EXPORT_EVENTS,EXP_00096,2026-01-12T05:17:56,USR_0008,ARQ_00002,,,39b4ba01e2e65ab5aaf3dbdab06134f2,export_events.csv#EXP_00096
EVD_000184,EXPORT,EXPORT_EVENTS,EXP_00021,2026-01-05T21:20:14,USR_0034,ARQ_00044,,,720276a8dae657ff996d62d2f46c65c4,export_events.csv#EXP_00021
EVD_000185,EXPORT,EXPORT_EVENTS,EXP_00078,2026-01-06T19:06:27,USR_0012,ARQ_00034,,XANH_TRIP_1143,74fff45eedd454eabd0af41b7ac51fef,export_events.csv#EXP_00078
EVD_000186,EXPORT,EXPORT_EVENTS,EXP_00108,2026-01-13T07:11:10,USR_0038,ARQ_00018,,XANH_TRIP_0583,659181002c0c549fbf7448d5e4f3ea28,export_events.csv#EXP_00108
EVD_000187,EXPORT,EXPORT_EVENTS,EXP_00098,2026-01-10T23:15:44,USR_0040,,,XANH_TRIP_7754,dce652a6ffc259febf1fd9beea7c1055,export_events.csv#EXP_00098
EVD_000188,EXPORT,EXPORT_EVENTS,EXP_00070,2026-01-13T20:57:52,USR_0037,ARQ_00020,,,8c6c36e9287b5098ae72d4aaa1cb9184,export_events.csv#EXP_00070
EVD_000189,EXPORT,EXPORT_EVENTS,EXP_00004,2026-01-03T20:04:18,USR_0003,ARQ_00080,,XANH_TRIP_4488,00c8b4d098ee5ad7b8773bc54445f6c2,export_events.csv#EXP_00004
EVD_000190,EXPORT,EXPORT_EVENTS,EXP_00006,2026-01-01T21:21:19,USR_0026,ARQ_00062,,,25610dcefe445bc8a583ff1147254021,export_events.csv#EXP_00006
EVD_000191,EXPORT,EXPORT_EVENTS,EXP_00027,2026-01-03T14:14:45,USR_0056,ARQ_00045,,,798c2597564f53a5ba7ec0e95bf36a50,export_events.csv#EXP_00027
EVD_000192,EXPORT,EXPORT_EVENTS,EXP_00094,2026-01-02T11:56:46,USR_0026,ARQ_00009,,XANH_TRIP_3213,156ee82fb9f45dc6af6477c7b8f36c97,export_events.csv#EXP_00094
EVD_000193,EXPORT,EXPORT_EVENTS,EXP_00002,2026-01-11T15:43:51,USR_0051,ARQ_00078,,XANH_TRIP_4479,00dc1f12a8eb56ca814854bfdb51e9e9,export_events.csv#EXP_00002
EVD_000194,EXPORT,EXPORT_EVENTS,EXP_00018,2026-01-08T14:02:21,USR_0036,ARQ_00024,,,36c016b0edd35e9b95d7027f6b7a037b,export_events.csv#EXP_00018
EVD_000195,EXPORT,EXPORT_EVENTS,EXP_00001,2026-01-08T04:34:08,USR_0014,ARQ_00069,,,2c0a52c65f0f5e5a984fd23a18504574,export_events.csv#EXP_00001
EVD_000196,EXPORT,EXPORT_EVENTS,EXP_00011,2026-01-04T05:49:35,USR_0016,ARQ_00061,,,04cb69188b3e541e862303ca730ad7a3,export_events.csv#EXP_00011
EVD_000197,EXPORT,EXPORT_EVENTS,EXP_00014,2026-01-06T21:51:55,USR_0051,ARQ_00033,,,3309542be3e55d8487ee7a14cb9b100f,export_events.csv#EXP_00014
EVD_000198,EXPORT,EXPORT_EVENTS,EXP_00031,2026-01-03T07:30:14,USR_0036,ARQ_00030,,XANH_TRIP_8645,9388dc61fb6f53f8b5ba0d72f8094ebb,export_events.csv#EXP_00031
EVD_000199,EXPORT,EXPORT_EVENTS,EXP_00090,2026-01-02T08:56:28,USR_0040,ARQ_00075,,,eb9079b5aad55842b53883c09fd2707f,export_events.csv#EXP_00090
EVD_000200,EXPORT,EXPORT_EVENTS,EXP_00055,2026-01-03T11:25:18,USR_0007,ARQ_00015,,,954ef22cb7e3507baa341357902e7897,export_events.csv#EXP_00055
EVD_000201,EXPORT,EXPORT_EVENTS,EXP_00023,2026-01-08T18:07:41,USR_0029,ARQ_00054,,XANH_TRIP_4232,c59add94d1cf5d4eacd4b9fa970f4e94,export_events.csv#EXP_00023
EVD_000202,EXPORT,EXPORT_EVENTS,EXP_00105,2026-01-14T12:04:55,USR_0040,ARQ_00033,,XANH_TRIP_6446,fa5198e371f35643a5b7876f794e558c,export_events.csv#EXP_00105
EVD_000203,EXPORT,EXPORT_EVENTS,EXP_00060,2026-01-10T23:00:39,USR_0025,ARQ_00061,,,f4e98f0cbd495c0ebcb47310c19f747f,export_events.csv#EXP_00060
EVD_000204,EXPORT,EXPORT_EVENTS,EXP_00082,2026-01-12T07:07:29,USR_0012,ARQ_00058,,XANH_TRIP_4064,a130625ebc9f55c79ef233d1e2673267,export_events.csv#EXP_00082
EVD_000205,EXPORT,EXPORT_EVENTS,EXP_00106,2026-01-12T11:15:17,USR_0011,,,XANH_TRIP_8745,9d6e184103a65686914dc41fc7ab1c07,export_events.csv#EXP_00106
EVD_000206,EXPORT,EXPORT_EVENTS,EXP_00115,2026-01-11T03:05:11,USR_0052,ARQ_00060,,,cd41e0d20a025eda844e321e88c5c21f,export_events.csv#EXP_00115
EVD_000207,EXPORT,EXPORT_EVENTS,EXP_00034,2026-01-13T15:39:22,USR_0005,ARQ_00030,,XANH_TRIP_4406,d55fa507b09850acb461a1ea15051e9d,export_events.csv#EXP_00034
EVD_000208,EXPORT,EXPORT_EVENTS,EXP_00071,2026-01-15T10:55:18,USR_0020,ARQ_00039,,,0db655878ec85c919a9445bdbf35c6aa,export_events.csv#EXP_00071
EVD_000209,EXPORT,EXPORT_EVENTS,EXP_00089,2026-01-11T03:22:54,USR_0039,ARQ_00033,,,aba931ccf87d52b39061246e57e1050c,export_events.csv#EXP_00089
EVD_000210,EXPORT,EXPORT_EVENTS,EXP_00087,2026-01-04T21:58:48,USR_0043,ARQ_00048,,,db6fde139ab5511faa8adef2ebb86e82,export_events.csv#EXP_00087
EVD_000211,EXPORT,EXPORT_EVENTS,EXP_00080,2026-01-14T05:42:20,USR_0025,,,,b76e9e5992215db6a52a57b5853eeaaa,export_events.csv#EXP_00080
EVD_000212,EXPORT,EXPORT_EVENTS,EXP_00052,2026-01-04T04:56:50,USR_0024,ARQ_00046,,XANH_TRIP_3124,da1c1b2207ee52c2b659655e17941392,export_events.csv#EXP_00052
EVD_000213,EXPORT,EXPORT_EVENTS,EXP_00068,2026-01-05T02:59:06,USR_0001,ARQ_00036,,XANH_TRIP_6645,4a8cf0c644ef50dd97e4b79905ad5edb,export_events.csv#EXP_00068
EVD_000214,EXPORT,EXPORT_EVENTS,EXP_00056,2026-01-09T06:09:25,USR_0052,,,XANH_TRIP_4652,fb49ca32e45f5ccaa8140b4fc33c5ce9,export_events.csv#EXP_00056
EVD_000215,EXPORT,EXPORT_EVENTS,EXP_00084,2026-01-10T14:16:16,USR_0051,ARQ_00057,,XANH_TRIP_8258,75f6192e574f5f68b4d6e9d508270cad,export_events.csv#EXP_00084
EVD_000216,EXPORT,EXPORT_EVENTS,EXP_00016,2026-01-12T17:24:58,USR_0008,,,,83213f65163855d2b087bbf542137282,export_events.csv#EXP_00016
EVD_000217,EXPORT,EXPORT_EVENTS,EXP_00026,2026-01-13T01:30:51,USR_0015,ARQ_00071,,XANH_TRIP_4849,412933c6b76d5175a3444c5054a57b02,export_events.csv#EXP_00026
EVD_000218,EXPORT,EXPORT_EVENTS,EXP_00033,2026-01-14T10:49:26,USR_0035,,,XANH_TRIP_9442,dbe456c2d5855c3d8addfc875668a50b,export_events.csv#EXP_00033
EVD_000219,EXPORT,EXPORT_EVENTS,EXP_00040,2026-01-02T07:00:57,USR_0004,ARQ_00045,,XANH_TRIP_2512,d72ebb77efab511ebca383f2bfd876b7,export_events.csv#EXP_00040
EVD_000220,EXPORT,EXPORT_EVENTS,EXP_00035,2026-01-10T14:16:16,USR_0051,ARQ_00065,,XANH_TRIP_8258,1ffdcee80506505cb22ed432298a112f,export_events.csv#EXP_00035
EVD_000221,EXPORT,EXPORT_EVENTS,EXP_00086,2026-01-14T07:40:00,USR_0060,ARQ_00062,,XANH_TRIP_9663,4547a1bffe625aea90d2cfa27893845f,export_events.csv#EXP_00086
EVD_000222,EXPORT,EXPORT_EVENTS,EXP_00092,2026-01-11T05:15:27,USR_0038,ARQ_00029,,XANH_TRIP_1168,5dde31e449a35549913c3e26f10e951e,export_events.csv#EXP_00092
EVD_000223,EXPORT,EXPORT_EVENTS,EXP_00085,2026-01-08T21:34:58,USR_0029,ARQ_00023,,,08bc335b8eec5c37a69452d265abd455,export_events.csv#EXP_00085
EVD_000224,EXPORT,EXPORT_EVENTS,EXP_00116,2026-01-06T01:33:33,USR_0043,ARQ_00051,,XANH_TRIP_2305,0870f8685e78514cbf7e6579585aa57e,export_events.csv#EXP_00116
EVD_000225,EXPORT,EXPORT_EVENTS,EXP_00053,2026-01-12T12:23:40,USR_0002,ARQ_00019,,,9b29959678ab55d0a595e4539304b80b,export_events.csv#EXP_00053
EVD_000226,EXPORT,EXPORT_EVENTS,EXP_00005,2026-01-02T02:15:35,USR_0019,ARQ_00050,,XANH_TRIP_9834,c56356202dc55dfdbf118783c1da693a,export_events.csv#EXP_00005
EVD_000227,EXPORT,EXPORT_EVENTS,EXP_00072,2026-01-12T01:31:05,USR_0048,ARQ_00069,,XANH_TRIP_1761,5a7cd88c883e58888c8d62271ea4472b,export_events.csv#EXP_00072
EVD_000228,EXPORT,EXPORT_EVENTS,EXP_00039,2026-01-02T03:30:42,USR_0008,ARQ_00048,,,2ed984ac5a275f9c973ea5f022f999ed,export_events.csv#EXP_00039
EVD_000229,EXPORT,EXPORT_EVENTS,EXP_00113,2026-01-06T21:32:14,USR_0052,ARQ_00027,,XANH_TRIP_10132,e7bc6c725a84584aa7978852b8a5d9dd,export_events.csv#EXP_00113
EVD_000230,EXPORT,EXPORT_EVENTS,EXP_00114,2026-01-04T15:29:29,USR_0008,ARQ_00072,,,0483b19e2d8c5a16a5625ff6a4d6034b,export_events.csv#EXP_00114
EVD_000231,EXPORT,EXPORT_EVENTS,EXP_00063,2026-01-06T21:25:54,USR_0020,ARQ_00033,,XANH_TRIP_6593,71311679efc55883b0d703c5f7c2dc7d,export_events.csv#EXP_00063
EVD_000232,EXPORT,EXPORT_EVENTS,EXP_00091,2026-01-14T13:20:52,USR_0029,ARQ_00029,,XANH_TRIP_2325,ae2b918655cd510cb6a28d180d161a9d,export_events.csv#EXP_00091
EVD_000233,EXPORT,EXPORT_EVENTS,EXP_00075,2026-01-03T00:09:18,USR_0056,ARQ_00040,,XANH_TRIP_2945,c297de0542a65bcd8af6fac02fe43365,export_events.csv#EXP_00075
EVD_000234,EXPORT,EXPORT_EVENTS,EXP_00028,2026-01-09T02:24:33,USR_0022,ARQ_00031,,XANH_TRIP_8312,b207fb0a3ff5508494fbb3ea9e0e6dc5,export_events.csv#EXP_00028
EVD_000235,EXPORT,EXPORT_EVENTS,EXP_00029,2026-01-01T21:10:50,USR_0028,ARQ_00029,,XANH_TRIP_2395,ba2bc3735bb950ac975d33bb035d0a78,export_events.csv#EXP_00029
EVD_000236,EXPORT,EXPORT_EVENTS,EXP_00038,2026-01-04T02:53:37,USR_0036,ARQ_00073,,XANH_TRIP_7862,11673bf37b0b5b89985a1d386c503002,export_events.csv#EXP_00038
EVD_000237,EXPORT,EXPORT_EVENTS,EXP_00037,2026-01-01T22:31:30,USR_0013,ARQ_00045,,XANH_TRIP_3027,a61c8564278456809128380d1c1645fd,export_events.csv#EXP_00037
EVD_000238,EXPORT,EXPORT_EVENTS,EXP_00012,2026-01-05T01:47:40,USR_0050,ARQ_00011,,XANH_TRIP_5786,ff33588700a35be99a1424ae08ad5f29,export_events.csv#EXP_00012
EVD_000239,EXPORT,EXPORT_EVENTS,EXP_00024,2026-01-14T11:37:18,USR_0016,ARQ_00009,,XANH_TRIP_8660,bb670bc6f4435ebf8ba2906f3b21eac1,export_events.csv#EXP_00024
EVD_000240,EXPORT,EXPORT_EVENTS,EXP_00107,2026-01-02T03:24:23,USR_0021,,,,11cef99909dc5373b8fd8a414b697214,export_events.csv#EXP_00107
EVD_000241,EXPORT,EXPORT_EVENTS,EXP_00020,2026-01-10T02:34:13,USR_0025,ARQ_00007,,,ba13899875135df58732feb5c9f658e5,export_events.csv#EXP_00020
EVD_000242,EXPORT,EXPORT_EVENTS,EXP_00119,2026-01-09T08:10:25,USR_0051,ARQ_00059,,XANH_TRIP_3166,ec04e18952625c62b6593c09764d2843,export_events.csv#EXP_00119
EVD_000243,EXPORT,EXPORT_EVENTS,EXP_00062,2026-01-08T17:17:44,USR_0053,ARQ_00037,,,7e14f3bea5bd57bf8a96341a9240f843,export_events.csv#EXP_00062
EVD_000244,EXPORT,EXPORT_EVENTS,EXP_00095,2026-01-09T13:07:03,USR_0032,ARQ_00003,,XANH_TRIP_5583,efba20b1e5c655568cfc385712f02af7,export_events.csv#EXP_00095
EVD_000245,EXPORT,EXPORT_EVENTS,EXP_00036,2026-01-03T19:30:26,USR_0059,,,,16701872449c5242b5095a5d21e0d42b,export_events.csv#EXP_00036
EVD_000246,EXPORT,EXPORT_EVENTS,EXP_00088,2026-01-15T10:32:04,USR_0003,ARQ_00062,,XANH_TRIP_2515,848ad0a64e4b570b8723aa04ebac72f5,export_events.csv#EXP_00088
EVD_000247,EXPORT,EXPORT_EVENTS,EXP_00010,2026-01-03T00:53:19,USR_0037,ARQ_00043,,XANH_TRIP_2425,9a0617d9d09b5d98ac99003cda4692ec,export_events.csv#EXP_00010
EVD_000248,EXPORT,EXPORT_EVENTS,EXP_00054,2026-01-09T05:23:29,USR_0040,,,XANH_TRIP_0997,c2e0912b580d5a78bfdddba35bee55cd,export_events.csv#EXP_00054
EVD_000249,EXPORT,EXPORT_EVENTS,EXP_00104,2026-01-07T21:18:06,USR_0029,ARQ_00064,,XANH_TRIP_4561,1543173728af581ea9c36d01f7ac36f0,export_events.csv#EXP_00104
EVD_000250,EXPORT,EXPORT_EVENTS,EXP_00120,2026-01-06T10:23:05,USR_0003,ARQ_00008,,XANH_TRIP_2921,d9b475d25370562f93a103839c1f748f,export_events.csv#EXP_00120
EVD_000251,EXPORT,EXPORT_EVENTS,EXP_00013,2026-01-12T07:07:29,USR_0012,,,XANH_TRIP_4064,331599a234dc5b588cdd18063c1fc024,export_events.csv#EXP_00013
EVD_000252,EXPORT,EXPORT_EVENTS,EXP_00073,2026-01-09T16:32:46,USR_0036,ARQ_00045,,XANH_TRIP_5235,e60a0c16a3d7584abf4f4a373ba34a0d,export_events.csv#EXP_00073
EVD_000253,EXPORT,EXPORT_EVENTS,EXP_00045,2026-01-09T05:23:29,USR_0040,ARQ_00016,,XANH_TRIP_0997,098209d8be0752e884b553515b39ba68,export_events.csv#EXP_00045
EVD_000254,EXPORT,EXPORT_EVENTS,EXP_00110,2026-01-09T11:02:45,USR_0025,ARQ_00004,,,b0aa8d3d0aba5fa3827ef8ac5f1edb7c,export_events.csv#EXP_00110
EVD_000255,EXPORT,EXPORT_EVENTS,EXP_00048,2026-01-04T15:47:43,USR_0006,ARQ_00032,,XANH_TRIP_3217,1fc677b42bcc5e4ca677efe8ae430620,export_events.csv#EXP_00048
EVD_000256,EXPORT,EXPORT_EVENTS,EXP_00099,2026-01-07T05:38:03,USR_0041,ARQ_00033,,XANH_TRIP_5277,4ffd3fa6506554a6b25eb412965341c3,export_events.csv#EXP_00099
EVD_000257,EXPORT,EXPORT_EVENTS,EXP_00049,2026-01-15T15:24:46,USR_0045,ARQ_00006,,XANH_TRIP_5206,7fdcbb6ba3505aeb8527a2630fed40d9,export_events.csv#EXP_00049
EVD_000258,EXPORT,EXPORT_EVENTS,EXP_00109,2026-01-09T16:32:46,USR_0036,ARQ_00058,,XANH_TRIP_5235,fc034f0a763653a8b8b205b9168c8af4,export_events.csv#EXP_00109
EVD_000259,EXPORT,EXPORT_EVENTS,EXP_00102,2026-01-14T21:16:45,USR_0002,ARQ_00047,,XANH_TRIP_4217,af02cadb90bd50028d70280b040b5ddd,export_events.csv#EXP_00102
EVD_000260,EXPORT,EXPORT_EVENTS,EXP_00046,2026-01-10T06:35:53,USR_0021,ARQ_00002,,XANH_TRIP_3356,d377f52fa85a59eda4ca62e982f8b331,export_events.csv#EXP_00046
EVD_000261,ACCESS_REQUEST,ACCESS_REQUESTS,ARQ_00070,2026-01-10T06:31:57,USR_0030,ARQ_00070,,,138d5daeda6f52a0a451f67950caa1dd,access_requests.csv#ARQ_00070
EVD_000262,ACCESS_REQUEST,ACCESS_REQUESTS,ARQ_00011,2026-01-10T09:11:53,USR_0022,ARQ_00011,,,3a704acb0cb355388fae563bc7e36de1,access_requests.csv#ARQ_00011
EVD_000263,ACCESS_REQUEST,ACCESS_REQUESTS,ARQ_00020,2026-01-08T17:38:24,USR_0039,ARQ_00020,,,49756f2252ef56ec9d3e9f003814afff,access_requests.csv#ARQ_00020
EVD_000264,ACCESS_REQUEST,ACCESS_REQUESTS,ARQ_00013,2026-01-13T13:14:33,USR_0023,ARQ_00013,,,b6cde5b68803572b93e39d8868e128b2,access_requests.csv#ARQ_00013
EVD_000265,ACCESS_REQUEST,ACCESS_REQUESTS,ARQ_00066,2026-01-15T11:38:26,USR_0042,ARQ_00066,,,437bfb173c065451968ac7366d8886c0,access_requests.csv#ARQ_00066
EVD_000266,ACCESS_REQUEST,ACCESS_REQUESTS,ARQ_00012,2026-01-07T21:40:38,USR_0051,ARQ_00012,,,9968b135bcb3535fb2f55b1648a06018,access_requests.csv#ARQ_00012
EVD_000267,ACCESS_REQUEST,ACCESS_REQUESTS,ARQ_00008,2026-01-11T20:03:32,USR_0036,ARQ_00008,,,13fdb4549c7453758e12ae04d6173798,access_requests.csv#ARQ_00008
EVD_000268,ACCESS_REQUEST,ACCESS_REQUESTS,ARQ_00080,2026-01-12T08:08:29,USR_0016,ARQ_00080,,,907dd948f459530ba1afb3a75b60f5fa,access_requests.csv#ARQ_00080
EVD_000269,ACCESS_REQUEST,ACCESS_REQUESTS,ARQ_00067,2026-01-07T09:50:43,USR_0040,ARQ_00067,,,219f063635ef53fba9aa933d072b0fc3,access_requests.csv#ARQ_00067
EVD_000270,ACCESS_REQUEST,ACCESS_REQUESTS,ARQ_00047,2026-01-12T21:00:32,USR_0012,ARQ_00047,,,51cef4e9e27c523a8bcc6a003d3cc26b,access_requests.csv#ARQ_00047
EVD_000271,ACCESS_REQUEST,ACCESS_REQUESTS,ARQ_00061,2026-01-09T16:52:09,USR_0051,ARQ_00061,,,f77a16010a0b5a54a35f7d6acfd22ab3,access_requests.csv#ARQ_00061
EVD_000272,ACCESS_REQUEST,ACCESS_REQUESTS,ARQ_00076,2026-01-12T11:04:59,USR_0028,ARQ_00076,,,376ce9011fb85ce395cf8f72d31f9d77,access_requests.csv#ARQ_00076
EVD_000273,ACCESS_REQUEST,ACCESS_REQUESTS,ARQ_00079,2026-01-04T05:39:53,USR_0048,ARQ_00079,,,f1f9540bbf5e53b4bd82eef93139ec48,access_requests.csv#ARQ_00079
EVD_000274,ACCESS_REQUEST,ACCESS_REQUESTS,ARQ_00024,2026-01-03T02:48:22,USR_0019,ARQ_00024,,,2bf638be646f5cd994c3bd71ac4f0021,access_requests.csv#ARQ_00024
EVD_000275,ACCESS_REQUEST,ACCESS_REQUESTS,ARQ_00055,2026-01-13T11:50:37,USR_0012,ARQ_00055,,,45bf92748bb05377bdecdf024449a2f2,access_requests.csv#ARQ_00055
EVD_000276,ACCESS_REQUEST,ACCESS_REQUESTS,ARQ_00078,2026-01-07T11:22:54,USR_0031,ARQ_00078,,,cc331f08e6ec59f5acdcb40a892b2eb2,access_requests.csv#ARQ_00078
EVD_000277,ACCESS_REQUEST,ACCESS_REQUESTS,ARQ_00051,2026-01-11T07:29:34,USR_0023,ARQ_00051,,,36ed290b3d0c5d33a017f23f99b1f18b,access_requests.csv#ARQ_00051
EVD_000278,ACCESS_REQUEST,ACCESS_REQUESTS,ARQ_00054,2026-01-05T23:02:56,USR_0024,ARQ_00054,,,423a806baed15b0a9500dd44ccb5f594,access_requests.csv#ARQ_00054
EVD_000279,ACCESS_REQUEST,ACCESS_REQUESTS,ARQ_00072,2026-01-08T21:00:17,USR_0045,ARQ_00072,,,974ec249fe7f54fa85fd8b943af091da,access_requests.csv#ARQ_00072
EVD_000280,ACCESS_REQUEST,ACCESS_REQUESTS,ARQ_00037,2026-01-14T00:49:43,USR_0050,ARQ_00037,,,46afe9cdc684530eb5dcab2967d5656b,access_requests.csv#ARQ_00037
EVD_000281,ACCESS_REQUEST,ACCESS_REQUESTS,ARQ_00005,2026-01-08T22:27:01,USR_0053,ARQ_00005,,,dec4aaf799c05b91b351e89227f22523,access_requests.csv#ARQ_00005
EVD_000282,ACCESS_REQUEST,ACCESS_REQUESTS,ARQ_00007,2026-01-13T14:28:15,USR_0031,ARQ_00007,,,2034fea310e25815a3c15fafd665d2d2,access_requests.csv#ARQ_00007
EVD_000283,ACCESS_REQUEST,ACCESS_REQUESTS,ARQ_00032,2026-01-10T21:12:23,USR_0059,ARQ_00032,,,74d7ecdef66a59d4b2e13bc8b5e412f2,access_requests.csv#ARQ_00032
EVD_000284,ACCESS_REQUEST,ACCESS_REQUESTS,ARQ_00027,2026-01-10T04:10:17,USR_0059,ARQ_00027,,,7f22a1f01d0552baa25f732995771fb4,access_requests.csv#ARQ_00027
EVD_000285,ACCESS_REQUEST,ACCESS_REQUESTS,ARQ_00029,2026-01-02T10:14:12,USR_0015,ARQ_00029,,,3151ce1eb4ae56ae92a3364e6c3379cd,access_requests.csv#ARQ_00029
EVD_000286,ACCESS_REQUEST,ACCESS_REQUESTS,ARQ_00021,2026-01-12T15:46:38,USR_0045,ARQ_00021,,,8a13604b11b85da1bff73cdf353e45d0,access_requests.csv#ARQ_00021
EVD_000287,ACCESS_REQUEST,ACCESS_REQUESTS,ARQ_00042,2026-01-05T14:19:02,USR_0028,ARQ_00042,,,28c5ca0560ba5057a2a56b312783615e,access_requests.csv#ARQ_00042
EVD_000288,ACCESS_REQUEST,ACCESS_REQUESTS,ARQ_00068,2026-01-07T04:45:43,USR_0059,ARQ_00068,,,a260937ec4ec5836a341c5bdca152803,access_requests.csv#ARQ_00068
EVD_000289,ACCESS_REQUEST,ACCESS_REQUESTS,ARQ_00043,2026-01-06T16:46:34,USR_0038,ARQ_00043,,,af2e038082b253348b01da70f3f13b6e,access_requests.csv#ARQ_00043
EVD_000290,ACCESS_REQUEST,ACCESS_REQUESTS,ARQ_00049,2026-01-10T06:44:38,USR_0053,ARQ_00049,,,46e5eb3f9ae950ee8f3b4095605e4f68,access_requests.csv#ARQ_00049
EVD_000291,ACCESS_REQUEST,ACCESS_REQUESTS,ARQ_00001,2026-01-05T09:41:45,USR_0022,ARQ_00001,,,e345172f99de52e38998f3e2c7e323de,access_requests.csv#ARQ_00001
EVD_000292,ACCESS_REQUEST,ACCESS_REQUESTS,ARQ_00028,2026-01-01T07:33:45,USR_0050,ARQ_00028,,,914fb6838fa05b3c8928f5c32dfdd561,access_requests.csv#ARQ_00028
EVD_000293,ACCESS_REQUEST,ACCESS_REQUESTS,ARQ_00065,2026-01-04T21:41:00,USR_0024,ARQ_00065,,,7afd56910e945513be7c776be7785643,access_requests.csv#ARQ_00065
EVD_000294,ACCESS_REQUEST,ACCESS_REQUESTS,ARQ_00059,2026-01-03T07:33:26,USR_0057,ARQ_00059,,,74c4fb907fbf515a8ff124bd6f553813,access_requests.csv#ARQ_00059
EVD_000295,ACCESS_REQUEST,ACCESS_REQUESTS,ARQ_00003,2026-01-09T02:46:15,USR_0056,ARQ_00003,,,46dda07214965158af405ea1e33c8bf8,access_requests.csv#ARQ_00003
EVD_000296,ACCESS_REQUEST,ACCESS_REQUESTS,ARQ_00048,2026-01-11T21:10:03,USR_0020,ARQ_00048,,,c4f42c3fa4835d03b95040bfc9a09c80,access_requests.csv#ARQ_00048
EVD_000297,ACCESS_REQUEST,ACCESS_REQUESTS,ARQ_00016,2026-01-06T10:09:26,USR_0004,ARQ_00016,,,5f6a9ea19c3a5522a46f974ec3da26b8,access_requests.csv#ARQ_00016
EVD_000298,ACCESS_REQUEST,ACCESS_REQUESTS,ARQ_00060,2026-01-08T05:54:49,USR_0016,ARQ_00060,,,4691f2dde49a587bb4063fae9496c168,access_requests.csv#ARQ_00060
EVD_000299,ACCESS_REQUEST,ACCESS_REQUESTS,ARQ_00062,2026-01-04T12:47:07,USR_0017,ARQ_00062,,,1f5e5273f65350418ddb32e4d3faa2f8,access_requests.csv#ARQ_00062
EVD_000300,ACCESS_REQUEST,ACCESS_REQUESTS,ARQ_00038,2026-01-13T16:30:08,USR_0014,ARQ_00038,,,b8de478328b55aca80ab0572645b68ed,access_requests.csv#ARQ_00038
EVD_000301,ACCESS_REQUEST,ACCESS_REQUESTS,ARQ_00033,2026-01-08T20:33:20,USR_0006,ARQ_00033,,,82ac9e93b35a5024a681750e1a9c5abe,access_requests.csv#ARQ_00033
EVD_000302,ACCESS_REQUEST,ACCESS_REQUESTS,ARQ_00002,2026-01-02T01:42:18,USR_0032,ARQ_00002,,,340e79c6f8c15dd59efe133de291ae6e,access_requests.csv#ARQ_00002
EVD_000303,ACCESS_REQUEST,ACCESS_REQUESTS,ARQ_00041,2026-01-13T09:41:57,USR_0054,ARQ_00041,,,a40396e416905f61ae02dc3903e8e8f2,access_requests.csv#ARQ_00041
EVD_000304,ACCESS_REQUEST,ACCESS_REQUESTS,ARQ_00073,2026-01-07T17:50:41,USR_0024,ARQ_00073,,,98f71be8f9755cf3ab0419f8e0a954db,access_requests.csv#ARQ_00073
EVD_000305,ACCESS_REQUEST,ACCESS_REQUESTS,ARQ_00006,2026-01-06T18:35:22,USR_0001,ARQ_00006,,,dc43f9a8469f5ef68dbf5ddd92c8e2ef,access_requests.csv#ARQ_00006
EVD_000306,ACCESS_REQUEST,ACCESS_REQUESTS,ARQ_00026,2026-01-11T01:49:24,USR_0045,ARQ_00026,,,960950ea3ea4527c92692c1892f6586f,access_requests.csv#ARQ_00026
EVD_000307,ACCESS_REQUEST,ACCESS_REQUESTS,ARQ_00075,2026-01-12T12:28:30,USR_0053,ARQ_00075,,,95a16ddb0be152e98356ca757e3e5958,access_requests.csv#ARQ_00075
EVD_000308,ACCESS_REQUEST,ACCESS_REQUESTS,ARQ_00052,2026-01-04T01:31:18,USR_0034,ARQ_00052,,,863127d5ae465bf59abfe7edeecac7eb,access_requests.csv#ARQ_00052
EVD_000309,ACCESS_REQUEST,ACCESS_REQUESTS,ARQ_00058,2026-01-04T08:11:24,USR_0001,ARQ_00058,,,885ba0d66adf51748616fdd3b8ac08e5,access_requests.csv#ARQ_00058
EVD_000310,ACCESS_REQUEST,ACCESS_REQUESTS,ARQ_00017,2026-01-09T11:58:59,USR_0037,ARQ_00017,,,48a69ba870ca51caac8e24fa039ab555,access_requests.csv#ARQ_00017
EVD_000311,ACCESS_REQUEST,ACCESS_REQUESTS,ARQ_00004,2026-01-12T12:49:36,USR_0054,ARQ_00004,,,b674abb6c5a85ccfba4979307b030d55,access_requests.csv#ARQ_00004
EVD_000312,ACCESS_REQUEST,ACCESS_REQUESTS,ARQ_00022,2026-01-15T05:27:38,USR_0049,ARQ_00022,,,04cbd0fe345151c1ba1d3c23570c74ee,access_requests.csv#ARQ_00022
EVD_000313,ACCESS_REQUEST,ACCESS_REQUESTS,ARQ_00030,2026-01-04T08:11:57,USR_0010,ARQ_00030,,,a7c6f42263cc548a8d22bf8b1ee0bf9d,access_requests.csv#ARQ_00030
EVD_000314,ACCESS_REQUEST,ACCESS_REQUESTS,ARQ_00071,2026-01-06T03:11:49,USR_0023,ARQ_00071,,,bc47aecd084850a9a11b125930bc6cd7,access_requests.csv#ARQ_00071
EVD_000315,ACCESS_REQUEST,ACCESS_REQUESTS,ARQ_00074,2026-01-06T13:00:09,USR_0025,ARQ_00074,,,02f70367b2ce5692b278d22790f55dd4,access_requests.csv#ARQ_00074
EVD_000316,ACCESS_REQUEST,ACCESS_REQUESTS,ARQ_00014,2026-01-11T07:45:23,USR_0001,ARQ_00014,,,fb53f9f8a4b358a1a8de72961763555f,access_requests.csv#ARQ_00014
EVD_000317,ACCESS_REQUEST,ACCESS_REQUESTS,ARQ_00053,2026-01-02T21:52:45,USR_0019,ARQ_00053,,,ed600ea8807d5e2fa1828f8a5aa8aa92,access_requests.csv#ARQ_00053
EVD_000318,ACCESS_REQUEST,ACCESS_REQUESTS,ARQ_00045,2026-01-07T11:02:56,USR_0054,ARQ_00045,,,e160495cbb505f788a4a1bac1d4597c4,access_requests.csv#ARQ_00045
EVD_000319,ACCESS_REQUEST,ACCESS_REQUESTS,ARQ_00046,2026-01-09T11:03:56,USR_0040,ARQ_00046,,,f51ff83ccdb9506f84f003c250a0ebd9,access_requests.csv#ARQ_00046
EVD_000320,ACCESS_REQUEST,ACCESS_REQUESTS,ARQ_00063,2026-01-05T13:51:02,USR_0041,ARQ_00063,,,cccd32566a8b50e381b4fb6589f99123,access_requests.csv#ARQ_00063
EVD_000321,APPROVAL,APPROVALS,ARQ_00009,2026-01-02T17:26:30,USR_0039,ARQ_00009,,,dd2b6688d09e54b7a0cc740948b52aaa,approvals.csv#ARQ_00009
EVD_000322,APPROVAL,APPROVALS,ARQ_00029,2026-01-03T13:14:12,USR_0054,ARQ_00029,,,8f256af3d5c851afb1ccc998e460877c,approvals.csv#ARQ_00029
EVD_000323,APPROVAL,APPROVALS,ARQ_00048,2026-01-12T22:10:03,USR_0015,ARQ_00048,,,3a4e1d7216f751188250afdafdb275bd,approvals.csv#ARQ_00048
EVD_000324,APPROVAL,APPROVALS,ARQ_00031,2026-01-10T16:03:49,USR_0049,ARQ_00031,,,2e5712ba8cd255c8bc4e0052b884ccf6,approvals.csv#ARQ_00031
EVD_000325,APPROVAL,APPROVALS,ARQ_00044,2026-01-03T05:25:03,USR_0039,ARQ_00044,,,bfd68dd8ac6158e38a2e7ee3ed4fd839,approvals.csv#ARQ_00044
EVD_000326,APPROVAL,APPROVALS,ARQ_00062,2026-01-05T05:47:07,USR_0049,ARQ_00062,,,592e30fbb94e5f65a61094cf94991afa,approvals.csv#ARQ_00062
EVD_000327,APPROVAL,APPROVALS,ARQ_00078,2026-01-08T02:22:54,USR_0004,ARQ_00078,,,5ced43b2e8c3546e9a6b9536b0eabbc3,approvals.csv#ARQ_00078
EVD_000328,APPROVAL,APPROVALS,ARQ_00004,2026-01-12T22:49:36,USR_0053,ARQ_00004,,,1e281ae037725964a5d7f18378239de2,approvals.csv#ARQ_00004
EVD_000329,APPROVAL,APPROVALS,ARQ_00010,2026-01-06T23:05:26,USR_0054,ARQ_00010,,,2534e0dd47ce52898fbba04f9d358aef,approvals.csv#ARQ_00010
EVD_000330,APPROVAL,APPROVALS,ARQ_00074,2026-01-06T16:00:09,USR_0039,ARQ_00074,,,48fee2a2ee8758b9a73110c5924a54f7,approvals.csv#ARQ_00074
EVD_000331,APPROVAL,APPROVALS,ARQ_00012,2026-01-08T12:40:38,USR_0053,ARQ_00012,,,63950db1f3e25ba68fb30f646e83b3f1,approvals.csv#ARQ_00012
EVD_000332,APPROVAL,APPROVALS,ARQ_00069,2026-01-09T04:50:56,USR_0015,ARQ_00069,,,3cb7147cf48d51cc86bd34ef534add35,approvals.csv#ARQ_00069
EVD_000333,APPROVAL,APPROVALS,ARQ_00025,2026-01-13T03:07:16,USR_0015,ARQ_00025,,,a225ee688a825708b3a1e6572cfd293d,approvals.csv#ARQ_00025
EVD_000334,APPROVAL,APPROVALS,ARQ_00060,2026-01-09T01:54:49,USR_0039,ARQ_00060,,,a1adf158ecb750b49c1db0d3389b68c3,approvals.csv#ARQ_00060
EVD_000335,APPROVAL,APPROVALS,ARQ_00021,2026-01-13T05:46:38,USR_0054,ARQ_00021,,,b63af41bdf815758a33f8a81dba12c2d,approvals.csv#ARQ_00021
EVD_000336,APPROVAL,APPROVALS,ARQ_00053,2026-01-03T08:52:45,USR_0019,ARQ_00053,,,efebf16d67c95db4aa3d8a97b141d530,approvals.csv#ARQ_00053
EVD_000337,APPROVAL,APPROVALS,ARQ_00042,2026-01-05T17:19:02,USR_0015,ARQ_00042,,,941516a9ca7f57e982d32d7814be6c40,approvals.csv#ARQ_00042
EVD_000338,APPROVAL,APPROVALS,ARQ_00019,2026-01-03T11:46:48,USR_0004,ARQ_00019,,,6d4e524601c3536685827598816988bc,approvals.csv#ARQ_00019
EVD_000339,APPROVAL,APPROVALS,ARQ_00043,2026-01-08T03:46:34,USR_0004,ARQ_00043,,,47fab87c99cf5cefa38ff2209b2cc143,approvals.csv#ARQ_00043
EVD_000340,APPROVAL,APPROVALS,ARQ_00026,2026-01-12T01:49:24,USR_0039,ARQ_00026,,,cd602a1c7c3c5d8b8109b3d4ef7abd41,approvals.csv#ARQ_00026
EVD_000341,APPROVAL,APPROVALS,ARQ_00033,2026-01-10T01:33:20,USR_0049,ARQ_00033,,,a01b846e129b53ea83d0e1c31c3c708d,approvals.csv#ARQ_00033
EVD_000342,APPROVAL,APPROVALS,ARQ_00001,2026-01-06T06:41:45,USR_0022,ARQ_00001,,,d067d339079d5f46b5f57db1ff735896,approvals.csv#ARQ_00001
EVD_000343,APPROVAL,APPROVALS,ARQ_00054,2026-01-06T00:02:56,USR_0015,ARQ_00054,,,b691fa33ea895000b60d87cd626763be,approvals.csv#ARQ_00054
EVD_000344,APPROVAL,APPROVALS,ARQ_00002,2026-01-03T08:42:18,USR_0004,ARQ_00002,,,52c44faeeb9d5673b0aea698cbed167e,approvals.csv#ARQ_00002
EVD_000345,APPROVAL,APPROVALS,ARQ_00057,2026-01-05T17:51:27,USR_0049,ARQ_00057,,,cfedd1bcdc5550da8df46b29fe12db43,approvals.csv#ARQ_00057
EVD_000346,APPROVAL,APPROVALS,ARQ_00035,2026-01-10T09:31:33,USR_0053,ARQ_00035,,,1d9f5a0d9d6c5efa884330172cfebc76,approvals.csv#ARQ_00035
EVD_000347,APPROVAL,APPROVALS,ARQ_00055,2026-01-13T21:50:37,USR_0039,ARQ_00055,,,2f1e8d730c3b5fe6ac5b7cce9bdfc09e,approvals.csv#ARQ_00055
EVD_000348,APPROVAL,APPROVALS,ARQ_00022,2026-01-15T08:27:38,USR_0039,ARQ_00022,,,7b83591fa41a5b68a5924f9ba1c1bec3,approvals.csv#ARQ_00022
EVD_000349,APPROVAL,APPROVALS,ARQ_00015,2026-01-03T08:45:31,USR_0008,ARQ_00015,,,0fd0707e681e5606acce0ca5d00b07a5,approvals.csv#ARQ_00015
EVD_000350,APPROVAL,APPROVALS,ARQ_00006,2026-01-07T03:35:22,USR_0015,ARQ_00006,,,fb9e914fbd425e6ea0f498f8d621b647,approvals.csv#ARQ_00006
EVD_000351,APPROVAL,APPROVALS,ARQ_00050,2026-01-07T08:41:19,USR_0053,ARQ_00050,,,eb476053da4b56acb473c2afdb0828fe,approvals.csv#ARQ_00050
EVD_000352,APPROVAL,APPROVALS,ARQ_00077,2026-01-12T22:49:20,USR_0039,ARQ_00077,,,5f49fed2176658d898cde9d5016cca27,approvals.csv#ARQ_00077
EVD_000353,APPROVAL,APPROVALS,ARQ_00040,2026-01-05T09:33:34,USR_0004,ARQ_00040,,,28a1c3b0a82b5cefa3d6acbdc8de9e9d,approvals.csv#ARQ_00040
EVD_000354,APPROVAL,APPROVALS,ARQ_00011,2026-01-11T00:11:53,USR_0054,ARQ_00011,,,3388b67111e156bdb54356da71d2af1e,approvals.csv#ARQ_00011
EVD_000355,APPROVAL,APPROVALS,ARQ_00071,2026-01-07T05:11:49,USR_0054,ARQ_00071,,,245905174ba65149bc8e8d3fabd32733,approvals.csv#ARQ_00071
EVD_000356,APPROVAL,APPROVALS,ARQ_00076,2026-01-13T07:04:59,USR_0015,ARQ_00076,,,f59a214453da56738b1415d6ccb50006,approvals.csv#ARQ_00076
EVD_000357,APPROVAL,APPROVALS,ARQ_00034,2026-01-11T05:35:08,USR_0054,ARQ_00034,,,41a2f586b192570e881891b55ddc92fd,approvals.csv#ARQ_00034
EVD_000358,APPROVAL,APPROVALS,ARQ_00041,2026-01-15T02:38:57,USR_0049,ARQ_00041,,,6a3641bac919568a848470a78d299fed,approvals.csv#ARQ_00041
EVD_000359,APPROVAL,APPROVALS,ARQ_00073,2026-01-08T16:50:41,USR_0059,ARQ_00073,,,bfc9e0dba4b65561ac17bab5af30f58d,approvals.csv#ARQ_00073
EVD_000360,APPROVAL,APPROVALS,ARQ_00024,2026-01-03T14:48:22,USR_0059,ARQ_00024,,,5f7180cca2af57a2a6eb215dc324a2b2,approvals.csv#ARQ_00024
EVD_000361,APPROVAL,APPROVALS,ARQ_00013,2026-01-14T11:14:33,USR_0049,ARQ_00013,,,3cf3e4b232db53778ba70c091b0e4c29,approvals.csv#ARQ_00013
EVD_000362,APPROVAL,APPROVALS,ARQ_00047,2026-01-13T13:00:32,USR_0054,ARQ_00047,,,090ec0f739225f88a1161b4030c7b18d,approvals.csv#ARQ_00047
EVD_000363,APPROVAL,APPROVALS,ARQ_00003,2026-01-10T03:46:15,USR_0056,ARQ_00003,,,08f9ce60a17f532cbf1f6540c1b8d059,approvals.csv#ARQ_00003
EVD_000364,APPROVAL,APPROVALS,ARQ_00032,2026-01-11T22:12:23,USR_0049,ARQ_00032,,,bd00f03ec7de5b3baec954a4183b0314,approvals.csv#ARQ_00032
EVD_000365,APPROVAL,APPROVALS,ARQ_00023,2026-01-09T11:50:14,USR_0054,ARQ_00023,,,77945c9005f15b07b2c60b8ab102f5de,approvals.csv#ARQ_00023
EVD_000366,APPROVAL,APPROVALS,ARQ_00007,2026-01-14T02:28:15,USR_0049,ARQ_00007,,,434000338c8751bc94f40b192847e3dd,approvals.csv#ARQ_00007
EVD_000367,APPROVAL,APPROVALS,ARQ_00066,2026-01-16T17:38:26,USR_0059,ARQ_00066,,,675b5d68da0f5ab9bb8b8815039d5013,approvals.csv#ARQ_00066
EVD_000368,APPROVAL,APPROVALS,ARQ_00014,2026-01-12T07:45:23,USR_0015,ARQ_00014,,,1e6961365eed50cabc353bfd7952693a,approvals.csv#ARQ_00014
EVD_000369,APPROVAL,APPROVALS,ARQ_00056,2026-01-10T08:42:32,USR_0039,ARQ_00056,,,56a4acc3fc66596ea1b9005481a1b57d,approvals.csv#ARQ_00056
EVD_000370,APPROVAL,APPROVALS,ARQ_00065,2026-01-05T13:41:00,USR_0049,ARQ_00065,,,11247dc355d35e0d8c625535c3b127eb,approvals.csv#ARQ_00065
EVD_000371,HR,HRIS_DEMO,HRE_00002,2026-01-08T04:38:01,USR_0018,,,,2405ed39f3fe56668882eb2319528463,hr_events.csv#HRE_00002
EVD_000372,HR,HRIS_DEMO,HRE_00016,2026-01-12T14:05:55,USR_0045,,,,f4ebdca26be35f0fb9fa1aafd6567fdd,hr_events.csv#HRE_00016
EVD_000373,HR,HRIS_DEMO,HRE_00008,2026-01-04T03:34:00,USR_0031,,,,6fa7b2b352725f31808fb650b6ab88bb,hr_events.csv#HRE_00008
EVD_000374,HR,HRIS_DEMO,HRE_00007,2026-01-11T12:41:14,USR_0025,,,,8aca54edcea4562caec0a78360f0859c,hr_events.csv#HRE_00007
EVD_000375,HR,HRIS_DEMO,HRE_00019,2026-01-11T04:18:17,USR_0047,,,,9eb7508b0d265a169ea0f67e2b94308a,hr_events.csv#HRE_00019
EVD_000376,HR,HRIS_DEMO,HRE_00011,2026-01-01T17:23:29,USR_0050,,,,05f3f7a1b2ee5bb4a2910db6a7903672,hr_events.csv#HRE_00011
EVD_000377,HR,HRIS_DEMO,HRE_00006,2026-01-03T15:09:43,USR_0025,,,,b89f2a48dd645bf48fdc67aa80d1260a,hr_events.csv#HRE_00006
EVD_000378,HR,HRIS_DEMO,HRE_00028,2026-01-10T21:32:58,USR_0051,,,,bc51461723835f0aaa1f780c1a9ce800,hr_events.csv#HRE_00028
EVD_000379,HR,HRIS_DEMO,HRE_00024,2026-01-05T07:48:11,USR_0039,,,,5bb4f51879ae58818d0c81acf4beca77,hr_events.csv#HRE_00024
EVD_000380,HR,HRIS_DEMO,HRE_00005,2026-01-09T10:53:04,USR_0058,,,,8447ae583234509d9e66bb524ce82733,hr_events.csv#HRE_00005
EVD_000381,HR,HRIS_DEMO,HRE_00022,2026-01-08T15:36:52,USR_0056,,,,750023cd399d545da6ebad7841c79e65,hr_events.csv#HRE_00022
EVD_000382,HR,HRIS_DEMO,HRE_00013,2026-01-11T14:56:08,USR_0056,,,,afe0fdc094e15c7787a90aae78f0679f,hr_events.csv#HRE_00013
EVD_000383,HR,HRIS_DEMO,HRE_00010,2026-01-15T03:06:28,USR_0052,,,,8eeece14f3d25657acc20aa3a9d47ebd,hr_events.csv#HRE_00010
EVD_000384,HR,HRIS_DEMO,HRE_00009,2026-01-14T09:47:37,USR_0013,,,,e7b09aa35ae75462909f24ff87fc484e,hr_events.csv#HRE_00009
EVD_000385,HR,HRIS_DEMO,HRE_00018,2026-01-10T06:22:03,USR_0031,,,,c9377165d2775b419923478650236d2f,hr_events.csv#HRE_00018
EVD_000386,HR,HRIS_DEMO,HRE_00032,2026-01-12T21:52:36,USR_0022,,,,0b7d6b725299515d9d38dcd219e84aef,hr_events.csv#HRE_00032
EVD_000387,HR,HRIS_DEMO,HRE_00015,2026-01-11T12:06:47,USR_0034,,,,93f593b3bc1651db9f1f3b1fdf86e069,hr_events.csv#HRE_00015
EVD_000388,HR,HRIS_DEMO,HRE_00027,2026-01-03T22:47:07,USR_0005,,,,14aa9d754ae4544e93d6f8a8955d6cd7,hr_events.csv#HRE_00027
EVD_000389,HR,HRIS_DEMO,HRE_00001,2026-01-03T17:12:41,USR_0009,,,,2f832459a79c542fb97e6e4e8dced874,hr_events.csv#HRE_00001
EVD_000390,HR,HRIS_DEMO,HRE_00012,2026-01-12T21:16:43,USR_0057,,,,38665fd5fc025657aae8ca03925c085c,hr_events.csv#HRE_00012
EVD_000391,HR,HRIS_DEMO,HRE_00014,2026-01-06T16:41:55,USR_0019,,,,84f428f629255fbf93491f9a75bf5898,hr_events.csv#HRE_00014
EVD_000392,HR,HRIS_DEMO,HRE_00033,2026-01-08T04:18:22,USR_0060,,,,797a0b2e74145db58b066314d8a445ef,hr_events.csv#HRE_00033
EVD_000393,HR,HRIS_DEMO,HRE_00020,2026-01-06T17:51:27,USR_0048,,,,f3b936b83bb65aafa9188f6d77803c64,hr_events.csv#HRE_00020
EVD_000394,HR,HRIS_DEMO,HRE_00031,2026-01-14T18:05:10,USR_0029,,,,6ac0bb5b93a856b68981aedda801a82f,hr_events.csv#HRE_00031
EVD_000395,HR,HRIS_DEMO,HRE_00003,2026-01-13T23:30:22,USR_0027,,,,722044318df055af80c94b100aa03d23,hr_events.csv#HRE_00003
EVD_000396,HR,HRIS_DEMO,HRE_00029,2026-01-08T00:10:13,USR_0053,,,,333c7058b59c54ab9c2eb9c2712415fd,hr_events.csv#HRE_00029
EVD_000397,HR,HRIS_DEMO,HRE_00035,2026-01-11T19:45:33,USR_0020,,,,afb1d214c75e5364a49443fcb2beba8a,hr_events.csv#HRE_00035
EVD_000398,HR,HRIS_DEMO,HRE_00017,2026-01-14T09:54:58,USR_0040,,,,9e872946b5195fa097ec963b32bb522c,hr_events.csv#HRE_00017
EVD_000399,HR,HRIS_DEMO,HRE_00004,2026-01-01T14:19:52,USR_0044,,,,7d2d45a05c62513f8a930765bc50e1d7,hr_events.csv#HRE_00004
EVD_000400,HR,HRIS_DEMO,HRE_00025,2026-01-08T05:19:40,USR_0022,,,,ca7ef542377e5203a968b416174236d1,hr_events.csv#HRE_00025
EVD_000401,CICD,GITHUB_ACTIONS_DEMO,CICD_000081,2026-01-04T20:17:54,USR_0046,,,,4b8a34bf00cb585b8414a821cd0908b7,cicd_events.csv#CICD_000081
EVD_000402,CICD,GITHUB_ACTIONS_DEMO,CICD_000062,2026-01-06T23:26:16,USR_0056,,,,ecf56d754a7e568e8105ae937fb65c4d,cicd_events.csv#CICD_000062
EVD_000403,CICD,GITHUB_ACTIONS_DEMO,CICD_000016,2026-01-05T08:22:35,USR_0010,,,,f0669882353c526683aef3e2c2e18e81,cicd_events.csv#CICD_000016
EVD_000404,CICD,GITHUB_ACTIONS_DEMO,CICD_000079,2026-01-12T03:13:47,USR_0055,,,,0255aded45005aacbefd97055c8e0334,cicd_events.csv#CICD_000079
EVD_000405,CICD,GITHUB_ACTIONS_DEMO,CICD_000086,2026-01-14T17:25:33,USR_0054,,,,f92e5a09a228532aacf36bf490bc1ae6,cicd_events.csv#CICD_000086
EVD_000406,CICD,GITHUB_ACTIONS_DEMO,CICD_000205,2026-01-14T14:32:04,USR_0002,,,,e6cce48bf10b5ca59e7a20769ff4d47b,cicd_events.csv#CICD_000205
EVD_000407,CICD,GITHUB_ACTIONS_DEMO,CICD_000089,2026-01-13T01:35:45,USR_0020,,,,7317e97b61e4527d91ec6aa123039f76,cicd_events.csv#CICD_000089
EVD_000408,CICD,GITHUB_ACTIONS_DEMO,CICD_000113,2026-01-02T13:12:52,USR_0002,,,,623b70990b3d59539f7eae9f0c5a2f21,cicd_events.csv#CICD_000113
EVD_000409,CICD,GITHUB_ACTIONS_DEMO,CICD_000058,2026-01-03T00:19:40,USR_0033,,,,4d390af527ab59c5b5dbf664e412baa1,cicd_events.csv#CICD_000058
EVD_000410,CICD,GITHUB_ACTIONS_DEMO,CICD_000212,2026-01-03T17:04:48,USR_0003,,,,6b41b368574a5982b9eb5d4c2eccc7b4,cicd_events.csv#CICD_000212
EVD_000411,CICD,GITHUB_ACTIONS_DEMO,CICD_000179,2026-01-10T07:14:55,USR_0013,,,,729d6c5065295cf59a8e052ce0a56919,cicd_events.csv#CICD_000179
EVD_000412,CICD,GITHUB_ACTIONS_DEMO,CICD_000105,2026-01-06T09:22:27,USR_0049,,,,453eb85e219d59b7819bf91189d0784f,cicd_events.csv#CICD_000105
EVD_000413,CICD,GITHUB_ACTIONS_DEMO,CICD_000127,2026-01-08T01:36:06,USR_0016,,,,d0e6457bbe025a9b82ba9d9548b97b21,cicd_events.csv#CICD_000127
EVD_000414,CICD,GITHUB_ACTIONS_DEMO,CICD_000235,2026-01-12T04:11:33,USR_0041,,,,d7cce4d0b0035c33982068d8d4408d4b,cicd_events.csv#CICD_000235
EVD_000415,CICD,GITHUB_ACTIONS_DEMO,CICD_000020,2026-01-15T15:39:29,USR_0055,,,,faf5c0817b3d5399b1ca344787fcdc52,cicd_events.csv#CICD_000020
EVD_000416,CICD,GITHUB_ACTIONS_DEMO,CICD_000181,2026-01-13T22:12:19,USR_0012,,,,be5d76c080dd58a08fb111d7706ace88,cicd_events.csv#CICD_000181
EVD_000417,CICD,GITHUB_ACTIONS_DEMO,CICD_000011,2026-01-15T21:23:56,USR_0037,,,,6baf01e662aa5f8abd948875ec03c523,cicd_events.csv#CICD_000011
EVD_000418,CICD,GITHUB_ACTIONS_DEMO,CICD_000100,2026-01-14T05:08:44,USR_0012,,,,f9866dd5beaf505dbfb152db29fec100,cicd_events.csv#CICD_000100
EVD_000419,CICD,GITHUB_ACTIONS_DEMO,CICD_000149,2026-01-04T02:14:32,USR_0023,,,,e032da14e8445f94bc7410be5d611425,cicd_events.csv#CICD_000149
EVD_000420,CICD,GITHUB_ACTIONS_DEMO,CICD_000087,2026-01-14T19:25:33,USR_0041,,,,abe8ae2c01845bea9d476b7a1fad668b,cicd_events.csv#CICD_000087
EVD_000421,CICD,GITHUB_ACTIONS_DEMO,CICD_000015,2026-01-05T06:22:35,USR_0047,,,,c5927699e5a2581cbe9eb555dea10868,cicd_events.csv#CICD_000015
EVD_000422,CICD,GITHUB_ACTIONS_DEMO,CICD_000206,2026-01-14T16:32:04,USR_0042,,,,49907ac18f78507590d55a08450d2085,cicd_events.csv#CICD_000206
EVD_000423,CICD,GITHUB_ACTIONS_DEMO,CICD_000221,2026-01-14T15:55:10,USR_0014,,,,901d78b21aa753d9b50400c4fef77e81,cicd_events.csv#CICD_000221
EVD_000424,CICD,GITHUB_ACTIONS_DEMO,CICD_000215,2026-01-02T00:51:27,USR_0001,,,,cae32652d04f526992d5bb53db00e928,cicd_events.csv#CICD_000215
EVD_000425,CICD,GITHUB_ACTIONS_DEMO,CICD_000050,2026-01-12T02:00:13,USR_0041,,,,e79d23f9ee935f1ebf4fd3c1d8194054,cicd_events.csv#CICD_000050
EVD_000426,CICD,GITHUB_ACTIONS_DEMO,CICD_000005,2026-01-05T12:01:24,USR_0038,,,,e138ca6e389a50f09d42a63f62cf5a8f,cicd_events.csv#CICD_000005
EVD_000427,CICD,GITHUB_ACTIONS_DEMO,CICD_000137,2026-01-06T14:34:19,USR_0045,,,,94ab31d0a5bb5a79afb2db79f2e3b48f,cicd_events.csv#CICD_000137
EVD_000428,CICD,GITHUB_ACTIONS_DEMO,CICD_000075,2026-01-02T07:25:48,USR_0046,,,,3f8ea7ae30065ba9a22e674ceb95bdb4,cicd_events.csv#CICD_000075
EVD_000429,CICD,GITHUB_ACTIONS_DEMO,CICD_000204,2026-01-14T12:43:07,USR_0045,,,,b9f9d6fb1bae57cea972498ef01e5cbb,cicd_events.csv#CICD_000204
EVD_000430,CICD,GITHUB_ACTIONS_DEMO,CICD_000030,2026-01-05T08:24:39,USR_0031,,,,915721869b425f579109946abff3d573,cicd_events.csv#CICD_000030
EVD_000431,CICD,GITHUB_ACTIONS_DEMO,CICD_000067,2026-01-12T16:38:04,USR_0055,,,,9540a9aaf21a58e18d102b924d4e603b,cicd_events.csv#CICD_000067
EVD_000432,CICD,GITHUB_ACTIONS_DEMO,CICD_000187,2026-01-05T04:48:08,USR_0011,,,,1b7cb17d708350348cca9324611ff06e,cicd_events.csv#CICD_000187
EVD_000433,CICD,GITHUB_ACTIONS_DEMO,CICD_000170,2026-01-12T11:24:51,USR_0041,,,,40b7e4fabc1e5b3d82ffa6283721979f,cicd_events.csv#CICD_000170
EVD_000434,CICD,GITHUB_ACTIONS_DEMO,CICD_000129,2026-01-10T15:12:47,USR_0015,,,,5368eab3b9b255eeb73e4b1e9b5f0391,cicd_events.csv#CICD_000129
EVD_000435,CICD,GITHUB_ACTIONS_DEMO,CICD_000061,2026-01-06T21:26:16,USR_0014,,,,11746630536e546cb81dce87df718379,cicd_events.csv#CICD_000061
EVD_000436,CICD,GITHUB_ACTIONS_DEMO,CICD_000123,2026-01-11T14:09:30,USR_0053,,,,ff6fd796f29c5001a8b60ee3b4676f86,cicd_events.csv#CICD_000123
EVD_000437,CICD,GITHUB_ACTIONS_DEMO,CICD_000180,2026-01-10T09:14:55,USR_0024,,,,94affe7f03ed53bcbb87724a6cc2df21,cicd_events.csv#CICD_000180
EVD_000438,CICD,GITHUB_ACTIONS_DEMO,CICD_000066,2026-01-12T14:38:04,USR_0015,,,,69745f46dd6e5b22b3f91cc05766ba8e,cicd_events.csv#CICD_000066
EVD_000439,CICD,GITHUB_ACTIONS_DEMO,CICD_000019,2026-01-15T13:39:29,USR_0038,,,,2ae67fb8d44d516aa0ec964186f474d5,cicd_events.csv#CICD_000019
EVD_000440,CICD,GITHUB_ACTIONS_DEMO,CICD_000018,2026-01-15T11:39:29,USR_0057,,,,f37a6355889f57e3b7c76fe481c415bc,cicd_events.csv#CICD_000018
EVD_000441,CICD,GITHUB_ACTIONS_DEMO,CICD_000148,2026-01-03T11:53:10,USR_0052,,,,45a4eb187ce654349a38d70a456b8329,cicd_events.csv#CICD_000148
EVD_000442,CICD,GITHUB_ACTIONS_DEMO,CICD_000010,2026-01-15T19:23:56,USR_0002,,,,4ffa8a896cc35208aa0e1ac2bd4e94f4,cicd_events.csv#CICD_000010
EVD_000443,CICD,GITHUB_ACTIONS_DEMO,CICD_000184,2026-01-14T04:12:19,USR_0003,,,,3935480ffe7a525f9e3eb8c479196400,cicd_events.csv#CICD_000184
EVD_000444,CICD,GITHUB_ACTIONS_DEMO,CICD_000134,2026-01-02T16:39:06,USR_0038,,,,d35c347bf6ea52d387573a314268a2ea,cicd_events.csv#CICD_000134
EVD_000445,CICD,GITHUB_ACTIONS_DEMO,CICD_000145,2026-01-03T05:53:10,USR_0030,,,,bd717cda0cfc57a38fb32b0cee366956,cicd_events.csv#CICD_000145
EVD_000446,CICD,GITHUB_ACTIONS_DEMO,CICD_000199,2026-01-04T20:57:23,USR_0050,,,,2a94e8e12b595297be3bc697185fc34b,cicd_events.csv#CICD_000199
EVD_000447,CICD,GITHUB_ACTIONS_DEMO,CICD_000164,2026-01-06T21:19:59,USR_0017,,,,a744d3cd39465657a5fe9d38acef563d,cicd_events.csv#CICD_000164
EVD_000448,CICD,GITHUB_ACTIONS_DEMO,CICD_000025,2026-01-12T07:06:24,USR_0017,,,,675551bb84bf560da7f4786cffd5013e,cicd_events.csv#CICD_000025
EVD_000449,CICD,GITHUB_ACTIONS_DEMO,CICD_000162,2026-01-06T17:19:59,USR_0025,,,,d5d8453d7ec757ae845006e5bd6bb5d9,cicd_events.csv#CICD_000162
EVD_000450,CICD,GITHUB_ACTIONS_DEMO,CICD_000121,2026-01-11T10:09:30,USR_0054,,,,2b393d7c8fc256a8a168f0cdfc950d24,cicd_events.csv#CICD_000121
EVD_000451,CICD,GITHUB_ACTIONS_DEMO,CICD_000108,2026-01-06T15:22:27,USR_0036,,,,4721ff83127e5b95b94d4f8671ffce84,cicd_events.csv#CICD_000108
EVD_000452,CICD,GITHUB_ACTIONS_DEMO,CICD_000216,2026-01-02T02:51:27,USR_0043,,,,f51a6c1b763f54b695466bc9c892ae69,cicd_events.csv#CICD_000216
EVD_000453,CICD,GITHUB_ACTIONS_DEMO,CICD_000099,2026-01-14T03:08:44,USR_0060,,,,0f4daca8fac65730bb4cd298b6d22978,cicd_events.csv#CICD_000099
EVD_000454,CICD,GITHUB_ACTIONS_DEMO,CICD_000071,2026-01-11T19:29:41,USR_0013,,,,b2ff389585435c0d855b1e34c44e3550,cicd_events.csv#CICD_000071
EVD_000455,CICD,GITHUB_ACTIONS_DEMO,CICD_000115,2026-01-02T17:12:52,USR_0052,,,,1ba936da6bb850b0ad6c93625269a9dc,cicd_events.csv#CICD_000115
EVD_000456,CICD,GITHUB_ACTIONS_DEMO,CICD_000128,2026-01-08T03:36:06,USR_0034,,,,2d72fa6edfec527582c145f2f8fb0dae,cicd_events.csv#CICD_000128
EVD_000457,CICD,GITHUB_ACTIONS_DEMO,CICD_000109,2026-01-09T19:39:36,USR_0035,,,,47167e866ae55a98817860d0c43b14d4,cicd_events.csv#CICD_000109
EVD_000458,CICD,GITHUB_ACTIONS_DEMO,CICD_000234,2026-01-12T02:11:33,USR_0060,,,,48f27bdeaab85fdda3e119f651fb9871,cicd_events.csv#CICD_000234
EVD_000459,CICD,GITHUB_ACTIONS_DEMO,CICD_000166,2026-01-12T11:01:42,USR_0047,,,,98186981061a5ccab2750e4e59d60f04,cicd_events.csv#CICD_000166
EVD_000460,CICD,GITHUB_ACTIONS_DEMO,CICD_000048,2026-01-03T22:45:26,USR_0060,,,,8a6d044f592254e79f6332b6094df78c,cicd_events.csv#CICD_000048
EVD_000461,CICD,GITHUB_ACTIONS_DEMO,CICD_000070,2026-01-11T17:29:41,USR_0001,,,,039819759f71577e9ccaf06ee39d14f3,cicd_events.csv#CICD_000070
EVD_000462,CICD,GITHUB_ACTIONS_DEMO,CICD_000185,2026-01-05T00:48:08,USR_0046,,,,64227243eb505549abd450735fe36a25,cicd_events.csv#CICD_000185
EVD_000463,CICD,GITHUB_ACTIONS_DEMO,CICD_000133,2026-01-02T14:39:06,USR_0054,,,,3b690a053039553eb12ccfd0d86f434f,cicd_events.csv#CICD_000133
EVD_000464,CICD,GITHUB_ACTIONS_DEMO,CICD_000102,2026-01-09T04:13:37,USR_0054,,,,4d16ebdacfcf582699b2692884e5d58d,cicd_events.csv#CICD_000102
EVD_000465,CICD,GITHUB_ACTIONS_DEMO,CICD_000039,2026-01-15T06:40:57,USR_0041,,,,32f0bdaf00dc555bbcc47f0fdba46252,cicd_events.csv#CICD_000039
EVD_000466,CICD,GITHUB_ACTIONS_DEMO,CICD_000119,2026-01-15T01:32:27,USR_0048,,,,ef69445c90c45648b7ccc54b81fbca45,cicd_events.csv#CICD_000119
EVD_000467,CICD,GITHUB_ACTIONS_DEMO,CICD_000084,2026-01-05T02:17:54,USR_0046,,,,3a683044729b5b02bed16e6baca11842,cicd_events.csv#CICD_000084
EVD_000468,CICD,GITHUB_ACTIONS_DEMO,CICD_000165,2026-01-12T09:01:42,USR_0015,,,,6da896336ec0511aa43989ea09255283,cicd_events.csv#CICD_000165
EVD_000469,CICD,GITHUB_ACTIONS_DEMO,CICD_000122,2026-01-11T12:09:30,USR_0049,,,,2d64ad563c545291a3c596a08fa74645,cicd_events.csv#CICD_000122
EVD_000470,CICD,GITHUB_ACTIONS_DEMO,CICD_000152,2026-01-04T08:14:32,USR_0022,,,,2e972d8e9995584a92736a5a26bf0b08,cicd_events.csv#CICD_000152
EVD_000471,CICD,GITHUB_ACTIONS_DEMO,CICD_000138,2026-01-06T16:34:19,USR_0014,,,,91f1d0a9cc765002842c03d6923979ea,cicd_events.csv#CICD_000138
EVD_000472,CICD,GITHUB_ACTIONS_DEMO,CICD_000008,2026-01-05T18:01:24,USR_0019,,,,ddf4ee21a78550d8871603630770d649,cicd_events.csv#CICD_000008
EVD_000473,CICD,GITHUB_ACTIONS_DEMO,CICD_000146,2026-01-03T07:53:10,USR_0047,,,,2bcfa3cd589d52c6af88e590be51c88b,cicd_events.csv#CICD_000146
EVD_000474,CICD,GITHUB_ACTIONS_DEMO,CICD_000236,2026-01-12T06:11:33,USR_0002,,,,d23366e13997510a9c78dca4ef65c2ee,cicd_events.csv#CICD_000236
EVD_000475,CICD,GITHUB_ACTIONS_DEMO,CICD_000224,2026-01-14T21:55:10,USR_0047,,,,464c0744434b594da4dd28bddab14d0d,cicd_events.csv#CICD_000224
EVD_000476,CICD,GITHUB_ACTIONS_DEMO,CICD_000223,2026-01-14T19:55:10,USR_0047,,,,c978e46005e85ea7ac4691ec8ff6706f,cicd_events.csv#CICD_000223
EVD_000477,CICD,GITHUB_ACTIONS_DEMO,CICD_000085,2026-01-14T15:25:33,USR_0036,,,,6d87e382391b5b94bb275bf232011d10,cicd_events.csv#CICD_000085
EVD_000478,CICD,GITHUB_ACTIONS_DEMO,CICD_000063,2026-01-07T01:26:16,USR_0010,,,,6019e2396e1258a9851173bd8ac5915c,cicd_events.csv#CICD_000063
EVD_000479,CICD,GITHUB_ACTIONS_DEMO,CICD_000037,2026-01-15T02:40:57,USR_0060,,,,0f492ab6d3d85f1bb3e66a5657c5c225,cicd_events.csv#CICD_000037
EVD_000480,CICD,GITHUB_ACTIONS_DEMO,CICD_000169,2026-01-12T09:24:51,USR_0053,,,,118db56b7bab58c982ba81024b12533a,cicd_events.csv#CICD_000169
EVD_000481,CICD,GITHUB_ACTIONS_DEMO,CICD_000111,2026-01-09T23:39:36,USR_0035,,,,8965c35447a25784adfa1f652a7ba045,cicd_events.csv#CICD_000111
EVD_000482,CICD,GITHUB_ACTIONS_DEMO,CICD_000229,2026-01-12T20:42:56,USR_0054,,,,8aaba436991b59e199f395b0b660376e,cicd_events.csv#CICD_000229
EVD_000483,CICD,GITHUB_ACTIONS_DEMO,CICD_000023,2026-01-07T19:26:04,USR_0057,,,,61ec7c19117f5388afe1b1c67a9d8b8a,cicd_events.csv#CICD_000023
EVD_000484,CICD,GITHUB_ACTIONS_DEMO,CICD_000068,2026-01-12T18:38:04,USR_0005,,,,24034ac4be295811bfa7be8b1d9ca6a7,cicd_events.csv#CICD_000068
EVD_000485,CICD,GITHUB_ACTIONS_DEMO,CICD_000083,2026-01-05T00:17:54,USR_0046,,,,9cf8236c065f518f9a915070b1da7714,cicd_events.csv#CICD_000083
EVD_000486,CICD,GITHUB_ACTIONS_DEMO,CICD_000096,2026-01-03T23:26:51,USR_0037,,,,41e2e7778ca25744887edfe1c92e5cd1,cicd_events.csv#CICD_000096
EVD_000487,CICD,GITHUB_ACTIONS_DEMO,CICD_000013,2026-01-05T02:22:35,USR_0011,,,,2e1f1698e8205a759d5cdb093bcc5ffa,cicd_events.csv#CICD_000013
EVD_000488,CICD,GITHUB_ACTIONS_DEMO,CICD_000106,2026-01-06T11:22:27,USR_0017,,,,c1991d13800b5127a5b2e503545b1e1d,cicd_events.csv#CICD_000106
EVD_000489,CICD,GITHUB_ACTIONS_DEMO,CICD_000078,2026-01-12T01:13:47,USR_0045,,,,1bf2382e4cb35653b8b89aca09789aec,cicd_events.csv#CICD_000078
EVD_000490,CICD,GITHUB_ACTIONS_DEMO,CICD_000195,2026-01-05T00:01:29,USR_0054,,,,a1a5323b9d895b32861e25c170b4ba19,cicd_events.csv#CICD_000195
EVD_000491,CICD,GITHUB_ACTIONS_DEMO,CICD_000021,2026-01-07T15:26:04,USR_0017,,,,bc32d090eebc57269e178cefc2f3a3de,cicd_events.csv#CICD_000021
EVD_000492,CICD,GITHUB_ACTIONS_DEMO,CICD_000101,2026-01-09T02:13:37,USR_0011,,,,dcaa6fe779d459068771b62569e6eb22,cicd_events.csv#CICD_000101
EVD_000493,CICD,GITHUB_ACTIONS_DEMO,CICD_000200,2026-01-04T22:57:23,USR_0002,,,,a3cf80607de95831afdc8a5b70e8017b,cicd_events.csv#CICD_000200
EVD_000494,CICD,GITHUB_ACTIONS_DEMO,CICD_000125,2026-01-07T21:36:06,USR_0016,,,,588112c27f6c5c0ba28c0b141ef8885d,cicd_events.csv#CICD_000125
EVD_000495,CICD,GITHUB_ACTIONS_DEMO,CICD_000207,2026-01-14T18:32:04,USR_0046,,,,53ddc77f15df532a8d275d9493bb52dd,cicd_events.csv#CICD_000207
EVD_000496,CICD,GITHUB_ACTIONS_DEMO,CICD_000178,2026-01-10T05:14:55,USR_0056,,,,eeb3edf01b8255c99bb619b59172c8d6,cicd_events.csv#CICD_000178
EVD_000497,CICD,GITHUB_ACTIONS_DEMO,CICD_000209,2026-01-03T11:04:48,USR_0001,,,,3dc209d283e25456b1d00c80a61526f4,cicd_events.csv#CICD_000209
EVD_000498,CICD,GITHUB_ACTIONS_DEMO,CICD_000092,2026-01-13T07:35:45,USR_0019,,,,e320e81f9b28570e9bfbd656f5e8625a,cicd_events.csv#CICD_000092
EVD_000499,CICD,GITHUB_ACTIONS_DEMO,CICD_000082,2026-01-04T22:17:54,USR_0022,,,,fc3815200479530ca3456ad0521457a8,cicd_events.csv#CICD_000082
EVD_000500,CICD,GITHUB_ACTIONS_DEMO,CICD_000052,2026-01-12T06:00:13,USR_0023,,,,4192e848411354e5b9fe6618b79a24c2,cicd_events.csv#CICD_000052
EVD_000501,CICD,GITHUB_ACTIONS_DEMO,CICD_000038,2026-01-15T04:40:57,USR_0047,,,,dcccac2843505e27985a9328f5f2da28,cicd_events.csv#CICD_000038
EVD_000502,CICD,GITHUB_ACTIONS_DEMO,CICD_000006,2026-01-05T14:01:24,USR_0008,,,,74aa900f0b965e6f9de35bde8222be79,cicd_events.csv#CICD_000006
EVD_000503,CICD,GITHUB_ACTIONS_DEMO,CICD_000043,2026-01-04T06:38:11,USR_0033,,,,3e5ee6149b5a569baa30a177115541a2,cicd_events.csv#CICD_000043
EVD_000504,CICD,GITHUB_ACTIONS_DEMO,CICD_000132,2026-01-10T21:12:47,USR_0010,,,,4d50d42d21dd53ffad7237a30bfc5653,cicd_events.csv#CICD_000132
EVD_000505,CICD,GITHUB_ACTIONS_DEMO,CICD_000131,2026-01-10T19:12:47,USR_0004,,,,3a6fb8b3e16257778654dca8255b41b2,cicd_events.csv#CICD_000131
EVD_000506,CICD,GITHUB_ACTIONS_DEMO,CICD_000065,2026-01-12T12:38:04,USR_0004,,,,7fb54c0275815ce98c713f194678f3f9,cicd_events.csv#CICD_000065
EVD_000507,CICD,GITHUB_ACTIONS_DEMO,CICD_000022,2026-01-07T17:26:04,USR_0031,,,,1fecdb89b1be5cd984fd27cb42f051ee,cicd_events.csv#CICD_000022
EVD_000508,CICD,GITHUB_ACTIONS_DEMO,CICD_000176,2026-01-12T19:43:29,USR_0038,,,,1f0fb54651945d078d134db06b107787,cicd_events.csv#CICD_000176
EVD_000509,CICD,GITHUB_ACTIONS_DEMO,CICD_000088,2026-01-14T21:25:33,USR_0047,,,,885e0dc48d885bc881f115bfa8d2c4f9,cicd_events.csv#CICD_000088
EVD_000510,CICD,GITHUB_ACTIONS_DEMO,CICD_000091,2026-01-13T05:35:45,USR_0017,,,,87a44c3f6ce75ee6b6fa1618213c4422,cicd_events.csv#CICD_000091
EVD_000511,CICD,GITHUB_ACTIONS_DEMO,CICD_000198,2026-01-04T18:57:23,USR_0002,,,,bffdeae9d259548cb13f76311116f0ae,cicd_events.csv#CICD_000198
EVD_000512,CICD,GITHUB_ACTIONS_DEMO,CICD_000202,2026-01-14T08:43:07,USR_0041,,,,d9452359dff35ecc8fdbf41a2e417b8d,cicd_events.csv#CICD_000202
EVD_000513,CICD,GITHUB_ACTIONS_DEMO,CICD_000163,2026-01-06T19:19:59,USR_0051,,,,1ea127baadff5840830258c2d8bcdbbf,cicd_events.csv#CICD_000163
EVD_000514,CICD,GITHUB_ACTIONS_DEMO,CICD_000232,2026-01-13T02:42:56,USR_0014,,,,810e7697724e52318804d15ac1754c8a,cicd_events.csv#CICD_000232
EVD_000515,CICD,GITHUB_ACTIONS_DEMO,CICD_000044,2026-01-04T08:38:11,USR_0046,,,,13fccd55b9c554c3b6ab149228739c44,cicd_events.csv#CICD_000044
EVD_000516,CICD,GITHUB_ACTIONS_DEMO,CICD_000159,2026-01-08T14:32:01,USR_0031,,,,3fa9ca8186a056e98353c79d2554c16a,cicd_events.csv#CICD_000159
EVD_000517,CICD,GITHUB_ACTIONS_DEMO,CICD_000035,2026-01-08T17:45:20,USR_0030,,,,baa146bd9988564385b4a1c09385aa08,cicd_events.csv#CICD_000035
EVD_000518,CICD,GITHUB_ACTIONS_DEMO,CICD_000153,2026-01-05T14:16:28,USR_0055,,,,bd40c5adc6f753e98c5912b1ded9dac2,cicd_events.csv#CICD_000153
EVD_000519,CICD,GITHUB_ACTIONS_DEMO,CICD_000161,2026-01-06T15:19:59,USR_0028,,,,3ed66e2c630d5421a552b333d65db7f9,cicd_events.csv#CICD_000161
EVD_000520,CICD,GITHUB_ACTIONS_DEMO,CICD_000174,2026-01-12T15:43:29,USR_0013,,,,fe4a809e4da757d880691f0e0a35eb39,cicd_events.csv#CICD_000174
EVD_000521,PIPELINE,AIRFLOW_DEMO,RUN_000117,2026-01-04T09:21:51,,,RUN_000117,,5b840d6a00a5555e865b6c855902e399,pipeline_runs.csv#RUN_000117
EVD_000522,PIPELINE,AIRFLOW_DEMO,RUN_000003,2026-01-10T19:22:09,,,RUN_000003,,5e10fe1abba45f3cb865f442c482d0c6,pipeline_runs.csv#RUN_000003
EVD_000523,PIPELINE,AIRFLOW_DEMO,RUN_000023,2026-01-10T20:24:14,,,RUN_000023,,d943aae7c3a0506f87a08b0a81db5472,pipeline_runs.csv#RUN_000023
EVD_000524,PIPELINE,AIRFLOW_DEMO,RUN_000060,2026-01-08T23:29:06,,,RUN_000060,,6fdb7498e8cf54d3a4d8c6e23e347c2a,pipeline_runs.csv#RUN_000060
EVD_000525,PIPELINE,AIRFLOW_DEMO,RUN_000035,2026-01-02T05:19:58,,,RUN_000035,,9cbf1bc996fa5f22b5c9156ed131fd5b,pipeline_runs.csv#RUN_000035
EVD_000526,PIPELINE,AIRFLOW_DEMO,RUN_000040,2026-01-10T14:34:16,,,RUN_000040,,c9f7beb68e665221871efa179a43a3e2,pipeline_runs.csv#RUN_000040
EVD_000527,PIPELINE,AIRFLOW_DEMO,RUN_000015,2026-01-13T22:44:32,,,RUN_000015,,e5832cca53475bc18b48535f794b538d,pipeline_runs.csv#RUN_000015
EVD_000528,PIPELINE,AIRFLOW_DEMO,RUN_000074,2026-01-10T23:59:05,,,RUN_000074,,c3d117b2caa05b49b8cded86a68b96c7,pipeline_runs.csv#RUN_000074
EVD_000529,PIPELINE,AIRFLOW_DEMO,RUN_000012,2026-01-05T21:59:34,,,RUN_000012,,962ba8ed9abd5200a2f5e6c7de393678,pipeline_runs.csv#RUN_000012
EVD_000530,PIPELINE,AIRFLOW_DEMO,RUN_000075,2026-01-12T23:39:32,,,RUN_000075,,dbfe745aada25e8aacdecfc1ef0008a2,pipeline_runs.csv#RUN_000075
EVD_000531,PIPELINE,AIRFLOW_DEMO,RUN_000065,2026-01-08T22:27:19,,,RUN_000065,,1d84b8137e1151e980966a896bda68b5,pipeline_runs.csv#RUN_000065
EVD_000532,PIPELINE,AIRFLOW_DEMO,RUN_000103,2026-01-03T22:10:58,,,RUN_000103,,03223848d4c458038776794a4e7dc9da,pipeline_runs.csv#RUN_000103
EVD_000533,PIPELINE,AIRFLOW_DEMO,RUN_000031,2026-01-11T17:40:20,,,RUN_000031,,dc44ced446bb558faf852525a42550ee,pipeline_runs.csv#RUN_000031
EVD_000534,PIPELINE,AIRFLOW_DEMO,RUN_000085,2026-01-08T08:00:10,,,RUN_000085,,c34b1e2f6fb259d9894f5f4f419c145f,pipeline_runs.csv#RUN_000085
EVD_000535,PIPELINE,AIRFLOW_DEMO,RUN_000069,2026-01-03T07:28:04,,,RUN_000069,,936c621a35da57d6acbfccd2600cf745,pipeline_runs.csv#RUN_000069
EVD_000536,PIPELINE,AIRFLOW_DEMO,RUN_000070,2026-01-05T11:42:53,,,RUN_000070,,fea30713e5895a0082421c0f484be20f,pipeline_runs.csv#RUN_000070
EVD_000537,PIPELINE,AIRFLOW_DEMO,RUN_000026,2026-01-07T09:22:13,,,RUN_000026,,9beb720a24855f9d85a9cf25ce081064,pipeline_runs.csv#RUN_000026
EVD_000538,PIPELINE,AIRFLOW_DEMO,RUN_000073,2026-01-05T03:52:24,,,RUN_000073,,a479a044f6c5519385955cc9c86a22c4,pipeline_runs.csv#RUN_000073
EVD_000539,PIPELINE,AIRFLOW_DEMO,RUN_000017,2026-01-15T02:33:31,,,RUN_000017,,fe5bb8bb69c6507fa1d433a7c1060622,pipeline_runs.csv#RUN_000017
EVD_000540,PIPELINE,AIRFLOW_DEMO,RUN_000029,2026-01-14T06:48:19,,,RUN_000029,,c5a67481a9f7574a95643aed3ae520c3,pipeline_runs.csv#RUN_000029
EVD_000541,PIPELINE,AIRFLOW_DEMO,RUN_000057,2026-01-15T04:15:37,,,RUN_000057,,68507c4f1a795e0486723cd72281e62a,pipeline_runs.csv#RUN_000057
EVD_000542,PIPELINE,AIRFLOW_DEMO,RUN_000027,2026-01-13T01:05:00,,,RUN_000027,,a49cf0638f7a5a1a8d83c7009e3594c8,pipeline_runs.csv#RUN_000027
EVD_000543,PIPELINE,AIRFLOW_DEMO,RUN_000095,2026-01-07T22:43:02,,,RUN_000095,,5dea9e1595f55787a8932e658812404b,pipeline_runs.csv#RUN_000095
EVD_000544,PIPELINE,AIRFLOW_DEMO,RUN_000049,2026-01-09T03:22:54,,,RUN_000049,,9079fd2cd754522cbf9abbff1afe12d2,pipeline_runs.csv#RUN_000049
EVD_000545,PIPELINE,AIRFLOW_DEMO,RUN_000059,2026-01-07T18:00:23,,,RUN_000059,,12c05f053f2c5526b02b5e20e5693746,pipeline_runs.csv#RUN_000059
EVD_000546,PIPELINE,AIRFLOW_DEMO,RUN_000024,2026-01-04T05:09:19,,,RUN_000024,,bd2b81edb71c5210b901ab0d0ed6a670,pipeline_runs.csv#RUN_000024
EVD_000547,PIPELINE,AIRFLOW_DEMO,RUN_000053,2026-01-11T12:35:03,,,RUN_000053,,5e6a6043f13c56dcbe9c8ba16e1ae69d,pipeline_runs.csv#RUN_000053
EVD_000548,PIPELINE,AIRFLOW_DEMO,RUN_000076,2026-01-13T05:31:05,,,RUN_000076,,81d4365ed71e5a49a2b855e635155023,pipeline_runs.csv#RUN_000076
EVD_000549,PIPELINE,AIRFLOW_DEMO,RUN_000108,2026-01-08T13:27:12,,,RUN_000108,,beaddfa0c862594eb5f8a0b801cb2df4,pipeline_runs.csv#RUN_000108
EVD_000550,PIPELINE,AIRFLOW_DEMO,RUN_000094,2026-01-09T12:41:36,,,RUN_000094,,792d2627d6cd56b7813d959a19074f37,pipeline_runs.csv#RUN_000094
EVD_000551,PIPELINE,AIRFLOW_DEMO,RUN_000113,2026-01-03T04:54:28,,,RUN_000113,,6c493d5527e25d7aad1c232971907860,pipeline_runs.csv#RUN_000113
EVD_000552,PIPELINE,AIRFLOW_DEMO,RUN_000116,2026-01-11T17:32:12,,,RUN_000116,,2f29ec9cad2450aa8cc33cf2ccc006f7,pipeline_runs.csv#RUN_000116
EVD_000553,PIPELINE,AIRFLOW_DEMO,RUN_000086,2026-01-14T04:12:20,,,RUN_000086,,e80aae2f5b405275abafc3d2b62048b9,pipeline_runs.csv#RUN_000086
EVD_000554,PIPELINE,AIRFLOW_DEMO,RUN_000005,2026-01-10T19:01:48,,,RUN_000005,,f6f736d6699256c7b0811e701683df52,pipeline_runs.csv#RUN_000005
EVD_000555,PIPELINE,AIRFLOW_DEMO,RUN_000042,2026-01-02T03:48:27,,,RUN_000042,,8e670a6213815d8bab7c24bc9a23a2b7,pipeline_runs.csv#RUN_000042
EVD_000556,PIPELINE,AIRFLOW_DEMO,RUN_000004,2026-01-09T01:37:13,,,RUN_000004,,4969360a68d156ae88129d51623573cc,pipeline_runs.csv#RUN_000004
EVD_000557,PIPELINE,AIRFLOW_DEMO,RUN_000046,2026-01-10T11:15:35,,,RUN_000046,,13d77d0c2c72522ca4c2b85fb00b0b37,pipeline_runs.csv#RUN_000046
EVD_000558,PIPELINE,AIRFLOW_DEMO,RUN_000078,2026-01-09T20:27:25,,,RUN_000078,,6db46dee672c5258aa355fd9eae79efb,pipeline_runs.csv#RUN_000078
EVD_000559,PIPELINE,AIRFLOW_DEMO,RUN_000051,2026-01-05T20:54:12,,,RUN_000051,,d8f0714dbd215b6984f2d3f9ab523c08,pipeline_runs.csv#RUN_000051
EVD_000560,PIPELINE,AIRFLOW_DEMO,RUN_000088,2026-01-03T04:31:39,,,RUN_000088,,272f1ebc08a65853982ceefbcb2f5967,pipeline_runs.csv#RUN_000088
EVD_000561,PIPELINE,AIRFLOW_DEMO,RUN_000063,2026-01-14T11:49:10,,,RUN_000063,,a4962dc5f791550692e0121d6e0376fe,pipeline_runs.csv#RUN_000063
EVD_000562,PIPELINE,AIRFLOW_DEMO,RUN_000025,2026-01-12T08:00:22,,,RUN_000025,,04a81c685a445fa5bfc88ea61145c6e0,pipeline_runs.csv#RUN_000025
EVD_000563,PIPELINE,AIRFLOW_DEMO,RUN_000019,2026-01-14T23:54:28,,,RUN_000019,,59a318a3e6f156a7b749eb606d324f5c,pipeline_runs.csv#RUN_000019
EVD_000564,PIPELINE,AIRFLOW_DEMO,RUN_000030,2026-01-12T06:44:34,,,RUN_000030,,18d7f3cbe66a50eeb0f2f5162bb71e41,pipeline_runs.csv#RUN_000030
EVD_000565,PIPELINE,AIRFLOW_DEMO,RUN_000081,2026-01-11T17:39:59,,,RUN_000081,,1b32f95a949851c1bf98e64ed933fff1,pipeline_runs.csv#RUN_000081
EVD_000566,PIPELINE,AIRFLOW_DEMO,RUN_000101,2026-01-04T06:40:52,,,RUN_000101,,09b302a6b7bb56159d8e53d6917c5dcf,pipeline_runs.csv#RUN_000101
EVD_000567,PIPELINE,AIRFLOW_DEMO,RUN_000077,2026-01-08T23:24:05,,,RUN_000077,,c9a235e6e97c5c98a9f0f620aee14f53,pipeline_runs.csv#RUN_000077
EVD_000568,PIPELINE,AIRFLOW_DEMO,RUN_000118,2026-01-11T21:27:05,,,RUN_000118,,8902d42433df5966893e4b45fb5d42b9,pipeline_runs.csv#RUN_000118
EVD_000569,PIPELINE,AIRFLOW_DEMO,RUN_000120,2026-01-06T21:43:03,,,RUN_000120,,ebbada34424d53b28c941d66e8ae6b3d,pipeline_runs.csv#RUN_000120
EVD_000570,PIPELINE,AIRFLOW_DEMO,RUN_000050,2026-01-08T13:12:23,,,RUN_000050,,3ae09e8537a05f019e659bf048af5a3f,pipeline_runs.csv#RUN_000050
EVD_000571,PIPELINE,AIRFLOW_DEMO,RUN_000055,2026-01-04T09:24:55,,,RUN_000055,,1dfd408c80555b149ec5ed28de4d1788,pipeline_runs.csv#RUN_000055
EVD_000572,PIPELINE,AIRFLOW_DEMO,RUN_000068,2026-01-14T21:39:15,,,RUN_000068,,ad6a2daf253b53f681c1973947b21f9f,pipeline_runs.csv#RUN_000068
EVD_000573,PIPELINE,AIRFLOW_DEMO,RUN_000083,2026-01-11T21:15:45,,,RUN_000083,,b6d46af76851529f80522e2746f31dd1,pipeline_runs.csv#RUN_000083
EVD_000574,PIPELINE,AIRFLOW_DEMO,RUN_000036,2026-01-05T15:08:47,,,RUN_000036,,71362e53f35d57938e343b92f8695010,pipeline_runs.csv#RUN_000036
EVD_000575,PIPELINE,AIRFLOW_DEMO,RUN_000054,2026-01-08T19:18:05,,,RUN_000054,,406f0dab8fbc5055b06bf859a7ee329c,pipeline_runs.csv#RUN_000054
EVD_000576,PIPELINE,AIRFLOW_DEMO,RUN_000033,2026-01-07T19:02:59,,,RUN_000033,,a1082e218b4952d49f5dfad136a7677a,pipeline_runs.csv#RUN_000033
EVD_000577,PIPELINE,AIRFLOW_DEMO,RUN_000009,2026-01-01T23:37:26,,,RUN_000009,,95acf906cfec511eb458c3c74f36af35,pipeline_runs.csv#RUN_000009
EVD_000578,PIPELINE,AIRFLOW_DEMO,RUN_000052,2026-01-08T15:23:30,,,RUN_000052,,92e69646b5b45df5b23ee112379e3190,pipeline_runs.csv#RUN_000052
EVD_000579,PIPELINE,AIRFLOW_DEMO,RUN_000112,2026-01-11T23:13:26,,,RUN_000112,,83b4e69c13495e258a9ea5d611132f48,pipeline_runs.csv#RUN_000112
EVD_000580,PIPELINE,AIRFLOW_DEMO,RUN_000047,2026-01-11T00:20:54,,,RUN_000047,,bd9eb4099cc75a17aba7cb46508bd07f,pipeline_runs.csv#RUN_000047
EVD_000581,PIPELINE,AIRFLOW_DEMO,RUN_000098,2026-01-04T02:02:29,,,RUN_000098,,37b4ad6408e9545ab772292ce5819e00,pipeline_runs.csv#RUN_000098
EVD_000582,PIPELINE,AIRFLOW_DEMO,RUN_000111,2026-01-08T03:48:13,,,RUN_000111,,41c6e1498437512dbb495915c2b90621,pipeline_runs.csv#RUN_000111
EVD_000583,PIPELINE,AIRFLOW_DEMO,RUN_000032,2026-01-14T08:03:25,,,RUN_000032,,b43eea0805355b2bb13b33a052203f18,pipeline_runs.csv#RUN_000032
EVD_000584,PIPELINE,AIRFLOW_DEMO,RUN_000084,2026-01-06T04:58:28,,,RUN_000084,,25a39e9f53875ebdb25b92c35b640696,pipeline_runs.csv#RUN_000084
EVD_000585,PIPELINE,AIRFLOW_DEMO,RUN_000041,2026-01-03T00:47:32,,,RUN_000041,,8406a6ea80ad522aaf9ee67b21b5e662,pipeline_runs.csv#RUN_000041
EVD_000586,PIPELINE,AIRFLOW_DEMO,RUN_000022,2026-01-06T02:07:02,,,RUN_000022,,dfef4fdbdada53338deac115f786198c,pipeline_runs.csv#RUN_000022
EVD_000587,PIPELINE,AIRFLOW_DEMO,RUN_000107,2026-01-06T05:42:04,,,RUN_000107,,ae87eec32e2d5ce3af8d41117a17b00a,pipeline_runs.csv#RUN_000107
EVD_000588,PIPELINE,AIRFLOW_DEMO,RUN_000082,2026-01-09T05:39:54,,,RUN_000082,,99359690fc7a524098de9d55eaa5b948,pipeline_runs.csv#RUN_000082
EVD_000589,PIPELINE,AIRFLOW_DEMO,RUN_000010,2026-01-06T07:41:28,,,RUN_000010,,e64bde2ec0f95ae0ab8b9c7d170171ad,pipeline_runs.csv#RUN_000010
EVD_000590,PIPELINE,AIRFLOW_DEMO,RUN_000014,2026-01-14T22:23:45,,,RUN_000014,,d877c2916e4e53e8b1827de56345ae4a,pipeline_runs.csv#RUN_000014
EVD_000591,PIPELINE,AIRFLOW_DEMO,RUN_000090,2026-01-10T22:53:38,,,RUN_000090,,f6becc5edd2255af91fe90863d406162,pipeline_runs.csv#RUN_000090
EVD_000592,PIPELINE,AIRFLOW_DEMO,RUN_000109,2026-01-11T09:56:19,,,RUN_000109,,b397185dd4505fad9c4365011c3e2e18,pipeline_runs.csv#RUN_000109
EVD_000593,PIPELINE,AIRFLOW_DEMO,RUN_000018,2026-01-01T07:12:56,,,RUN_000018,,6d3497d2f9a5573c9f6a67046b880e84,pipeline_runs.csv#RUN_000018
EVD_000594,PIPELINE,AIRFLOW_DEMO,RUN_000092,2026-01-10T20:04:20,,,RUN_000092,,632cc8872beb54cbba55db9f74e50ce6,pipeline_runs.csv#RUN_000092
EVD_000595,PIPELINE,AIRFLOW_DEMO,RUN_000013,2026-01-01T12:36:45,,,RUN_000013,,4b68f05daad25049bf34e33d8a0b129b,pipeline_runs.csv#RUN_000013
EVD_000596,PIPELINE,AIRFLOW_DEMO,RUN_000008,2026-01-11T04:38:16,,,RUN_000008,,f2927b49853a5eeea9a2366922ad8b1a,pipeline_runs.csv#RUN_000008
EVD_000597,PIPELINE,AIRFLOW_DEMO,RUN_000099,2026-01-04T04:39:54,,,RUN_000099,,1b27febc00cc5534acf8ccae539084cb,pipeline_runs.csv#RUN_000099
EVD_000598,PIPELINE,AIRFLOW_DEMO,RUN_000119,2026-01-15T13:23:54,,,RUN_000119,,47a780a971c9571787fa2004aa64c4c2,pipeline_runs.csv#RUN_000119
EVD_000599,PIPELINE,AIRFLOW_DEMO,RUN_000110,2026-01-12T03:59:38,,,RUN_000110,,587723fde54d5edb90d59cad7202c801,pipeline_runs.csv#RUN_000110
EVD_000600,PIPELINE,AIRFLOW_DEMO,RUN_000048,2026-01-09T19:53:12,,,RUN_000048,,280103d867a15da3956eea4cf98d34a2,pipeline_runs.csv#RUN_000048
