,,,,,,,,,,
,BẢNG MA TRẬN TUÂN THỦ DỮ LIỆU CÁ NHÂN (NGHỊ ĐỊNH 356/2025/NĐ-CP),,,,,,,,,
,,,,,,,,,,
,TỔNG SỐ KỊCH BẢN,,ĐÃ TUÂN THỦ,,ĐANG TRIỂN KHAI,,CHƯA TRIỂN KHAI,,,
,24,,5,,16,,3,,,
,,,,,,,,,,
,Mã kịch bản,Mã quy tắc,Điều khoản tham chiếu,Loại dữ liệu áp dụng,Sự kiện kích hoạt,Hành động bắt buộc,Bằng chứng kiểm toán,Phòng ban phụ trách,Thời hạn SLA,Trạng thái sẵn sàng
,SCN-001,PDP-001,"Điều 9, Khoản 2, Điểm a",Toàn bộ dữ liệu cá nhân,Người dùng mới đăng ký hoặc hệ thống bắt đầu thu thập dữ liệu,Hiển thị và gửi thông báo chính sách quyền riêng tư đầy đủ nội dung trước khi thu thập,"Bản ghi xác nhận hiển thị thông báo, log chấp thuận, mẫu Privacy Notice",Phát triển sản phẩm & Kỹ thuật,Trước khi xử lý,Đang triển khai
,SCN-002,PDP-002,"Điều 4, Khoản 2",Dữ liệu cá nhân nhạy cảm,"Tiếp nhận, lưu trữ và cấp quyền truy cập dữ liệu nhạy cảm nội bộ","Thiết lập chính sách RBAC/ABAC phân quyền tối thiểu, quy trình xử lý chuyên biệt và mã hóa","Ma trận phân quyền truy cập RBAC, quy chế xử lý DLCN nhạy cảm, log cấu hình mã hóa",An toàn thông tin & Quản trị dữ liệu,Định kỳ & Khi cấu hình,Đang triển khai
,SCN-003,PDP-003,"Điều 5, Khoản 2",Toàn bộ dữ liệu cá nhân,Chủ thể dữ liệu gửi yêu cầu rút lại sự đồng ý hoặc phản đối xử lý,Xác nhận tiếp nhận DSR trong 02 ngày làm việc; cô lập và ngừng xử lý trong 15 ngày,"Ticket DSR trên hệ thống, email phản hồi tiếp nhận, log hệ thống xác nhận ngừng xử lý",Chăm sóc khách hàng & Vận hành,"02 ngày làm việc, 15 ngày",Đang triển khai
,SCN-004,PDP-004,"Điều 5, Khoản 3",Toàn bộ dữ liệu cá nhân,Chủ thể dữ liệu yêu cầu chỉnh sửa hoặc trích xuất bản sao dữ liệu cá nhân,Phản hồi tiếp nhận trong 02 ngày làm việc; hoàn thành cập nhật hoặc cung cấp trong 10 ngày,"Ticket xử lý DSR, biên bản bàn giao bản sao dữ liệu, log cập nhật trường thông tin",Chăm sóc khách hàng & Kỹ thuật,"02 ngày làm việc, 10 ngày",Đang triển khai
,SCN-005,PDP-005,"Điều 5, Khoản 4",Toàn bộ dữ liệu cá nhân,Chủ thể dữ liệu gửi yêu cầu xóa bỏ hoặc tiêu hủy dữ liệu cá nhân,Phản hồi xác nhận trong 02 ngày làm việc; thực hiện xóa/tiêu hủy hoàn toàn trong 20 ngày,"Ticket yêu cầu xóa, biên bản xác nhận xóa dữ liệu trên DB chính và hệ thống backup",Kỹ thuật hệ thống & An toàn thông tin,"02 ngày làm việc, 20 ngày",Đang triển khai
,SCN-006,PDP-006,"Điều 6, Khoản 1, Điểm d",Toàn bộ dữ liệu cá nhân,Thu thập sự đồng ý của chủ thể dữ liệu trên cổng thông tin/ứng dụng,"Thiết lập cơ chế ghi nhận và lưu vết kỹ thuật: danh tính chủ thể, mốc thời gian và nội dung","Cơ sở dữ liệu Consent Log, audit trail timestamp, mã phiên bản điều khoản đồng ý",Phát triển phần mềm & DevOps,Thời gian thực (Realtime),Đang triển khai
,SCN-007,PDP-007,"Điều 6, Khoản 3",Toàn bộ dữ liệu cá nhân,Thiết kế giao diện (UI/UX) các biểu mẫu thu thập dữ liệu và hộp chọn chấp thuận,"Mặc định bỏ chọn ô đồng ý (opt-in chủ động), không dùng Dark Patterns định hướng gây hiểu lầm","Tài liệu đặc tả UI/UX, ảnh chụp màn hình form đăng ký, biên bản kiểm thử giao diện",Thiết kế UI/UX & Pháp chế,Trước khi phát hành phiên bản,Đang triển khai
,SCN-008,PDP-008,"Điều 6, Khoản 4",Dữ liệu cá nhân nhạy cảm,Khi quy trình xử lý phát sinh yêu cầu thu thập dữ liệu cá nhân nhạy cảm,Tách riêng ô đồng ý và hiển thị cảnh báo nổi bật về tính chất dữ liệu cá nhân nhạy cảm,"Giao diện form xin đồng ý riêng biệt, log kỹ thuật ghi nhận sự đồng ý độc lập",Phát triển phần mềm & Pháp chế,Trước khi thu thập,Đang triển khai
,SCN-009,PDP-009,"Điều 7, Khoản 1",Toàn bộ dữ liệu cá nhân,Chia sẻ hoặc chuyển giao dữ liệu cá nhân cho bên thứ ba / đối tác xử lý,"Soạn thảo và ký kết Hợp đồng chuyển giao dữ liệu (DTA) quy định rõ mục đích, phạm vi, SLA","Hợp đồng chuyển giao dữ liệu (DTA) đã ký kết, phụ lục điều khoản bảo vệ dữ liệu cá nhân",Pháp chế & Mua hàng,Trước khi chia sẻ dữ liệu,Đang triển khai
,SCN-010,PDP-010,"Điều 7, Khoản 2",Dữ liệu cá nhân nhạy cảm,Thực hiện truyền tải dữ liệu nhạy cảm qua mạng hoặc chuyển giao phương tiện vật lý,"Bắt buộc mã hóa đường truyền TLS 1.3/IPSec, mã hóa tệp AES-256 và niêm phong an toàn vật lý","Báo cáo cấu hình đường truyền mã hóa, chứng chỉ SSL/TLS, biên bản giao nhận thiết bị niêm phong",Hạ tầng mạng & An toàn thông tin,Khi thực hiện chuyển giao,Đang triển khai
,SCN-011,PDP-011,"Điều 7, Khoản 4",Toàn bộ dữ liệu cá nhân,Chia sẻ dữ liệu nội bộ giữa các phòng ban hoặc nhân viên xuất dữ liệu,Ban hành ma trận phê duyệt chia sẻ nội bộ và triển khai giải pháp DLP chống rò rỉ dữ liệu,"Quy trình kiểm soát chia sẻ nội bộ, log cảnh báo hệ thống DLP, phiếu yêu cầu chia sẻ đã duyệt",An toàn thông tin & Pháp chế,Định kỳ & Thường xuyên,Đang triển khai
,SCN-012,PDP-012,"Điều 7, Khoản 5",Toàn bộ dữ liệu cá nhân,Chuẩn bị đưa tập dữ liệu lên sàn giao dịch hoặc chia sẻ thương mại hóa,"Thực hiện khử nhận dạng, ẩn danh hóa dữ liệu triệt để và kiểm thử chống đảo ngược danh tính","Báo cáo kỹ thuật kiểm thử khử nhận dạng, chứng thư rà soát an toàn thuật toán ẩn danh",Kỹ sư dữ liệu & Nghiên cứu,Trước khi niêm yết/giao dịch,Chưa triển khai
,SCN-013,PDP-013,"Điều 8, Khoản 1",Dữ liệu tài chính,Vận hành hệ thống tài chính / ngân hàng / thanh toán định kỳ hàng năm,Ghi nhật ký audit log tự động mọi thao tác xử lý DLCN và tổ chức đánh giá tuân thủ hàng năm,"Báo cáo kiểm toán tuân thủ bảo vệ dữ liệu thường niên, kho lưu trữ audit log tập trung",Kiểm toán nội bộ & Kỹ thuật,01 năm / lần,Đang triển khai
,SCN-014,PDP-014,"Điều 8, Khoản 3",Dữ liệu tài chính,"Phát hiện dấu hiệu hoặc sự cố lộ lọt, thất thoát dữ liệu nhạy cảm tài chính","Lập báo cáo điều tra sự cố, gửi thông báo khẩn tới Cục A05 và chủ thể dữ liệu trong 72 giờ","Báo cáo ứng cứu sự cố (IR Report), công văn gửi Cục A05, log email/SMS gửi chủ thể dữ liệu",Đội ứng cứu sự cố (CSIRT) & Pháp chế,72 giờ,Đang triển khai
,SCN-015,PDP-015,"Điều 9, Khoản 3, Điểm b, c",Dữ liệu lớn (Big Data),"Kỹ sư, quản trị viên truy cập hoặc xử lý kho dữ liệu lớn (Data Lake/Data Warehouse)","Áp dụng bắt buộc xác thực đa yếu tố MFA, phân quyền hạt nhân và mã hóa/khử nhận dạng","Chính sách MFA enforced trên IAM, chứng chỉ mã hóa Data-at-Rest, log truy cập kho dữ liệu",Kỹ thuật Big Data & SecOps,Thường xuyên (24/7),Đã tuân thủ
,SCN-016,PDP-016,"Điều 10, Khoản 3",Toàn bộ dữ liệu cá nhân,Triển khai tính năng ra quyết định tự động hoặc chấm điểm thuật toán AI,"Công bố thông báo xử lý tự động, cung cấp tài liệu nguyên tắc AI và cơ chế Opt-out khả thi","Tài liệu Whitepaper giải thích thuật toán AI, màn hình Opt-out trên ứng dụng, log hủy tự động hóa",Đội ngũ AI/ML & Sản phẩm,Trước khi vận hành AI,Đang triển khai
,SCN-017,PDP-017,"Điều 11, Khoản 2, Điểm b",Toàn bộ dữ liệu cá nhân,Ghi nhận giao dịch hoặc trạng thái lên chuỗi khối (Blockchain/DLT),"Nghiêm cấm ghi dữ liệu thô, chỉ được phép lưu giá trị hàm băm (Hash/SHA-256) hoặc ẩn danh","Bản rà soát mã nguồn Smart Contract, báo cáo kiểm thử dữ liệu on-chain chỉ chứa hash",Kỹ sư Blockchain & An toàn thông tin,Liên tục trong thiết kế,Đã tuân thủ
,SCN-018,PDP-018,"Điều 12, Khoản 4",Toàn bộ dữ liệu cá nhân,Lưu trữ và truyền tải dữ liệu khách hàng/nhân sự trên hạ tầng điện toán đám mây,"Kích hoạt mã hóa lưu trữ KMS (AES-256), mã hóa đường truyền và chặn hoàn toàn Public Access","Báo cáo rà soát Cloud Security Posture (CSPM), chính sách IAM bucket, biên bản kiểm toán đám mây",Kỹ sư Đám mây (Cloud Ops),Liên tục trong vận hành,Đã tuân thủ
,SCN-019,PDP-019,"Điều 13, Khoản 1, 2",Toàn bộ dữ liệu cá nhân,Thành lập bộ máy nhân sự tuân thủ bảo vệ dữ liệu cá nhân doanh nghiệp,Ban hành Quyết định chính thức bổ nhiệm DPO hoặc thành lập ban bảo vệ dữ liệu đạt chuẩn năng lực,"Quyết định bổ nhiệm DPO bằng văn bản, bản mô tả công việc JD, chứng chỉ chuyên môn bảo vệ dữ liệu",Ban Giám đốc & Nhân sự,Trước khi xử lý dữ liệu,Đã tuân thủ
,SCN-020,PDP-020,"Điều 18, Khoản 4",Toàn bộ dữ liệu cá nhân,Chuyển giao dữ liệu cá nhân ra máy chủ đặt tại nước ngoài hoặc đối tác quốc tế,Lập và nộp 01 bản chính hồ sơ đánh giá tác động chuyển dữ liệu xuyên biên giới cho Cục A05,"Bản chính Hồ sơ đánh giá tác động (Cross-border TIA), biên nhận nộp hồ sơ của Cục A05",Pháp chế & Quản trị rủi ro,60 ngày,Đang triển khai
,SCN-021,PDP-021,"Điều 19, Khoản 1, 4",Toàn bộ dữ liệu cá nhân,"Khởi tạo quy trình, dự án hoặc hệ thống mới có hoạt động xử lý dữ liệu cá nhân",Lập hồ sơ DPIA ngay khi bắt đầu và hoàn tất nộp 01 bản chính cho Cơ quan chuyên trách,"Bộ hồ sơ DPIA hoàn chỉnh đã phê duyệt nội bộ, phiếu gửi/xác nhận nộp hồ sơ Cục A05",Pháp chế & Quản trị dữ liệu,60 ngày,Đang triển khai
,SCN-022,PDP-022,"Điều 20, Khoản 1, 2",Toàn bộ dữ liệu cá nhân,Đến hạn rà soát định kỳ hoặc hệ thống phát sinh thay đổi lớn về công nghệ/quy mô xử lý,Cập nhật hồ sơ DPIA định kỳ 06 tháng/lần hoặc nộp bản cập nhật trong 10 ngày khi có thay đổi lớn,"Phiên bản DPIA sửa đổi có đánh số phiên bản, văn bản gửi thông báo bổ sung tới Cục A05",Pháp chế & Kỹ thuật,"10 ngày, 06 tháng / lần",Chưa triển khai
,SCN-023,PDP-023,"Điều 23, Khoản 3",Toàn bộ dữ liệu cá nhân,Rà soát định kỳ hàng năm đối với tổ chức cung cấp dịch vụ xử lý dữ liệu cá nhân,Tổ chức kiểm toán độc lập đánh giá hiện trạng tuân thủ và mức độ tín nhiệm bảo vệ dữ liệu,"Báo cáo kiểm toán mức độ tín nhiệm bên thứ ba, chứng thư xếp hạng tuân thủ bảo vệ dữ liệu",Pháp chế & Ban Giám đốc,01 năm / lần,Chưa triển khai
,SCN-024,PDP-024,"Điều 29, Khoản 1, Điểm a, c",Dữ liệu sinh trắc học & vị trí,Xảy ra vi phạm hoặc xâm phạm an toàn dữ liệu sinh trắc học hoặc dữ liệu định vị,Phát thông báo sự cố trong 72 giờ cho cơ quan chức năng; lưu trữ hồ sơ vi phạm an toàn tối thiểu 5 năm,"Báo cáo điều tra sự cố vi phạm sinh trắc học, hệ thống lưu trữ kho hồ sơ vi phạm (lưu 5 năm)",An toàn thông tin & Pháp chế,"72 giờ, 05 năm",Đã tuân thủ