BẢNG ĐIỀU HÀNH QUY TẮC TUÂN THỦ DỮ LIỆU CCPA / CPRA (HOA KỲ),,,,,,,,,
,,,,,,,,,
TỔNG SỐ QUY TẮC,,MỨC ĐỘ CRITICAL / HIGH,,TỰ ĐỘNG HÓA (AUTO),,BÁN TỰ ĐỘNG & THỦ CÔNG,,,
10,,9,,6,,4,,,
"Hệ thống quản trị 10 quy tắc trọng yếu theo CCPA/CPRA • Giám sát dữ liệu xe kết nối, ứng dụng thông minh & quyền người tiêu dùng",,,,,,,,,
,,,,,,,,,
Mã quy tắc (Rule ID),Điều khoản tham chiếu (CCPA/CPRA),Nghĩa vụ tuân thủ trọng yếu — Dữ liệu xe & Ứng dụng thông minh,Đối tượng áp dụng,Mức độ nghiêm trọng,Mức độ tự động,Mã kiểm soát (Control ID),Thời hạn SLA,Tiêu chí Đạt (Pass Criteria),Tiêu chí Không đạt (Fail Criteria)
US-CCPA-01,"Cal. Civ. Code § 1798.100, 1798.110","Cung cấp đầy đủ danh mục và chi tiết dữ liệu cá nhân thu thập từ xe (vị trí, camera, chẩn đoán CAN-bus) và ứng dụng trong 12 tháng qua",Toàn bộ chủ xe & tài khoản ứng dụng California,High,Semi-Auto,CTL-US-DSAR-01,45 ngày,Cung cấp báo cáo xuất dữ liệu định dạng chuẩn (JSON/PDF) cho người dùng đã xác minh danh tính trong vòng 45 ngày.,"Bỏ sót danh mục dữ liệu xe kết nối, vượt quá thời hạn 45 ngày mà không có thông báo gia hạn hợp lệ."
US-CCPA-02,Cal. Civ. Code § 1798.105,"Xóa vĩnh viễn dữ liệu cá nhân của người dùng và thông báo nhà cung cấp dịch vụ hạ nguồn xóa bỏ, trừ trường hợp phục vụ an toàn vận hành xe hoặc lưu trữ pháp lý","Hệ thống lưu trữ Cloud, Data Lake xe, Bên thứ ba",Critical,Auto,CTL-US-DSAR-02,45 ngày,Bản ghi dữ liệu cá nhân bị xóa/ẩn danh hóa hoàn toàn trên hệ thống chính và dịch vụ bên thứ ba; có log kiểm toán lưu vết.,Dữ liệu vẫn còn lưu trữ trái phép trên hệ thống thứ cấp hoặc không kích hoạt lệnh xóa tới nhà cung cấp phụ trách.
US-CCPA-03,Cal. Civ. Code § 1798.106 (CPRA),Tiếp nhận và chỉnh sửa thông tin cá nhân không chính xác của chủ xe/người dùng trên hồ sơ tài khoản và hệ thống viễn thông xe kết nối,"Hồ sơ người dùng, cổng quản lý khách hàng",Medium,Semi-Auto,CTL-US-DSAR-03,45 ngày,Dữ liệu sai lệch được cập nhật chính xác trên toàn hệ thống dữ liệu khách hàng theo yêu cầu đã đối soát.,Không xử lý cập nhật thông tin trong thời hạn hoặc giữ lại thông tin sai lệch sau khi đã xác nhận.
US-CCPA-04,"Cal. Civ. Code § 1798.120, 1798.135",Tôn trọng quyền từ chối bán/chia sẻ dữ liệu (kể cả chia sẻ cho quảng cáo hành vi liên trang web) và tự động nhận diện tín hiệu Global Privacy Control (GPC),"Cổng web, ứng dụng xe, nền tảng quảng cáo số",Critical,Auto,CTL-US-OPTOUT-01,15 ngày làm việc,Tự động chặn chia sẻ dữ liệu với đối tác quảng cáo khi phát hiện cờ GPC hoặc người dùng nhấn liên kết từ chối bán/chia sẻ.,Tiếp tục truyền gửi dữ liệu thiết bị/xe cho bên thứ ba sau khi người dùng đã kích hoạt lệnh từ chối hoặc cờ GPC.
US-CCPA-05,Cal. Civ. Code § 1798.121 (CPRA),"Giới hạn việc sử dụng dữ liệu nhạy cảm (định vị vệ tinh GPS chính xác, thông tin sinh trắc, nhận diện khuôn mặt) chỉ phục vụ tính năng vận hành cốt lõi của xe","Module định vị GPS, camera hỗ trợ lái (ADAS), hồ sơ SPI",Critical,Auto,CTL-US-SPI-01,15 ngày làm việc,Hệ thống tự động chuyển tọa độ xe thành vùng tổng quát (bán kính > 1.850 feet) cho các mục đích phụ trợ khi người dùng yêu cầu giới hạn.,Thu thập và khai thác tọa độ định vị chi tiết dưới 1.850 feet cho mục đích phân tích hành vi mà không có sự đồng ý.
US-CCPA-06,"Cal. Civ. Code § 1798.100(b), CCR § 7012",Hiển thị thông báo minh bạch ngay tại điểm thu thập dữ liệu (trên màn hình trung tâm xe IVI và màn hình đăng ký app) trước hoặc tại thời điểm bắt đầu thu thập,"Màn hình trung tâm ô tô (IVI), Ứng dụng di động",High,Auto,CTL-US-NOTIF-01,Thời gian thực (Real-time),"Thông báo thu thập hiển thị rõ danh mục dữ liệu, mục đích sử dụng, thời gian lưu trữ và liên kết chính sách bảo mật dễ truy cập.",Bật cảm biến thu thập thông tin người dùng mà không hiển thị thông báo hợp lệ tại điểm thu thập dữ liệu.
US-CCPA-07,Cal. Civ. Code § 1798.100(c) (CPRA),Thu thập và lưu trữ dữ liệu xe/người dùng tương xứng với mục đích đã công bố; thiết lập cơ chế tự động thanh trừng khi hết thời hạn lưu trữ quy định,"Data Lake viễn thông, nhật ký hành trình lái xe",High,Auto,CTL-US-RETEN-01,Định kỳ hàng tuần,Tự động thanh trừng hoặc ẩn danh hóa dữ liệu telemetry/GPS thô khi đạt ngưỡng lưu trữ quy định trong chính sách.,Lưu trữ không thời hạn dữ liệu hành trình lái xe chi tiết mà không có căn cứ nghiệp vụ hoặc kỹ thuật bảo vệ tương xứng.
US-CCPA-08,"Cal. Civ. Code § 1798.140(ag), (j)","Ký kết hợp đồng xử lý dữ liệu (DPA) nghiêm ngặt với các nhà cung cấp dịch vụ đám mây và đối tác phần mềm xe, cấm bán/giữ dữ liệu ngoài thỏa thuận dịch vụ","Toàn bộ nhà cung cấp dịch vụ, bên đối tác phụ trách",High,Manual,CTL-US-VEND-01,Trước khi truyền dữ liệu,"100% đối tác có phụ lục điều khoản bảo vệ dữ liệu theo chuẩn CPRA, cam kết hỗ trợ xử lý DSAR và thông báo rò rỉ dữ liệu.",Cấp API hoặc chuyển giao dữ liệu xe/khách hàng cho bên thứ ba khi hợp đồng chưa có điều khoản ràng buộc CCPA bắt buộc.
US-CCPA-09,"Cal. Civ. Code § 1798.100(e), 1798.150","Triển khai các biện pháp an toàn kỹ thuật hợp lý (mã hóa dữ liệu xe khi truyền/lưu trữ, kiểm soát truy cập phân quyền) nhằm ngăn ngừa sự cố rò rỉ thông tin cá nhân","Hạ tầng API, OTA viễn thông, cơ sở dữ liệu xe",Critical,Auto,CTL-US-SEC-01,Liên tục 24/7,"Dữ liệu cá nhân nhạy cảm được mã hóa chuẩn AES-256/TLS 1.3, xác thực đa yếu tố và quét lỗ hổng định kỳ không có lỗi bảo mật nghiêm trọng.",Để lộ dữ liệu người dùng không mã hóa tạo rủi ro khởi kiện dân sự cá nhân (Private Right of Action) theo luật CCPA.
US-CCPA-10,Cal. Civ. Code § 1798.125,"Tuyệt đối không phân biệt đối xử, không giảm chất lượng dịch vụ hay tính năng an toàn xe khi người dùng thực hiện các quyền riêng tư theo CCPA","Hệ thống định giá cước, chính sách gói dịch vụ thông minh",High,Manual,,Toàn bộ vòng đời dịch vụ,Người dùng thực hiện quyền từ chối chia sẻ dữ liệu vẫn được sử dụng đầy đủ các tính năng an toàn và tiện ích cơ bản của phương tiện.,Khóa tính năng xe hoặc áp phí phụ thu bất hợp lý đối với người dùng thực hiện quyền riêng tư hợp pháp theo CCPA.
,,,,,,,,,
BẢNG TỔNG HỢP MỐC THỜI HẠN & TIẾN TRÌNH SLA THEO LUẬT CCPA / CPRA,,,,,,,,,
Mốc thời gian quy định,Loại yêu cầu / Quy trình áp dụng,Quy định & Thao tác bắt buộc theo luật CCPA/CPRA,Mã quy tắc liên quan,,,,,,
10 ngày làm việc,Xác nhận tiếp nhận yêu cầu (Receipt Confirmation),"Gửi thông báo xác nhận đã nhận yêu cầu DSAR tới người dùng, hướng dẫn cách thức xác minh danh tính và tiến trình xử lý.","US-CCPA-01, US-CCPA-02, US-CCPA-03",,,,,,
15 ngày làm việc,Thực thi quyền Từ chối Bán/Chia sẻ (Opt-Out),Hoàn tất kích hoạt cờ từ chối trên toàn bộ hệ thống lưu trữ và truyền tín hiệu ngừng chia sẻ tới các đối tác đối ngoại.,US-CCPA-04,,,,,,
15 ngày làm việc,Giới hạn sử dụng Dữ liệu nhạy cảm (Limit SPI),Kích hoạt giới hạn xử lý dữ liệu SPI/tọa độ vị trí chính xác của phương tiện; ngừng khai thác cho phân tích ngoài tính năng xe.,US-CCPA-05,,,,,,
45 ngày theo lịch,"Phản hồi toàn diện yêu cầu DSAR (Biết, Xóa, Sửa)","Cung cấp đầy đủ báo cáo dữ liệu, thực hiện xóa bỏ dữ liệu hoặc sửa thông tin sai lệch; gửi báo cáo hoàn tất cho chủ xe.","US-CCPA-01, US-CCPA-02, US-CCPA-03",,,,,,
Thêm 45 ngày (Tổng 90 ngày),Gia hạn xử lý yêu cầu phức tạp,"Trong trường hợp kỹ thuật phức tạp hoặc khối lượng dữ liệu xe lớn, gửi thông báo văn bản giải trình lý do cho người dùng trong 45 ngày đầu.","US-CCPA-01, US-CCPA-02",,,,,,
12 tháng gần nhất,Phạm vi dữ liệu tra cứu truy xuất (Lookback Period),Truy xuất toàn bộ danh mục thông tin đã thu thập từ chủ xe trong 12 tháng qua (mở rộng sau 01/01/2022 nếu khả thi về mặt kỹ thuật).,US-CCPA-01,,,,,,
24 tháng,Lưu trữ nhật ký yêu cầu quyền riêng tư (Audit Log),"Duy trì hồ sơ ghi nhận mọi yêu cầu người dùng (ngày nhận, phân loại, kết quả phản hồi, căn cứ từ chối) phục vụ thanh tra CPPA.",US-CCPA-01 đến US-CCPA-05,,,,,,